ja3_digest,source_ip
2a458dd9c65afbcf591cd8c2a194b804,192.168.0.26
2a458dd9c65afbcf591cd8c2a194b804,192.168.120.0
2a458dd9c65afbcf591cd8c2a194b804,192.168.129.46
2a458dd9c65afbcf591cd8c2a194b804,192.168.188.25
2a458dd9c65afbcf591cd8c2a194b804,192.168.19.42
2a458dd9c65afbcf591cd8c2a194b804,192.168.225.7
2a458dd9c65afbcf591cd8c2a194b804,192.168.84.82
205200cdaac61b110838556b834070d1,192.168.0.37
205200cdaac61b110838556b834070d1,192.168.101.121
205200cdaac61b110838556b834070d1,192.168.101.154
205200cdaac61b110838556b834070d1,192.168.106.178
205200cdaac61b110838556b834070d1,192.168.107.253
205200cdaac61b110838556b834070d1,192.168.108.198
205200cdaac61b110838556b834070d1,192.168.109.170
205200cdaac61b110838556b834070d1,192.168.109.224
205200cdaac61b110838556b834070d1,192.168.116.62
205200cdaac61b110838556b834070d1,192.168.117.7
205200cdaac61b110838556b834070d1,192.168.119.116
205200cdaac61b110838556b834070d1,192.168.122.3
205200cdaac61b110838556b834070d1,192.168.125.64
205200cdaac61b110838556b834070d1,192.168.127.61
205200cdaac61b110838556b834070d1,192.168.128.10
205200cdaac61b110838556b834070d1,192.168.132.76
205200cdaac61b110838556b834070d1,192.168.134.89
205200cdaac61b110838556b834070d1,192.168.137.34
205200cdaac61b110838556b834070d1,192.168.140.4
205200cdaac61b110838556b834070d1,192.168.143.137
205200cdaac61b110838556b834070d1,192.168.145.86
205200cdaac61b110838556b834070d1,192.168.148.161
205200cdaac61b110838556b834070d1,192.168.148.34
205200cdaac61b110838556b834070d1,192.168.152.57
205200cdaac61b110838556b834070d1,192.168.153.37
205200cdaac61b110838556b834070d1,192.168.155.188
205200cdaac61b110838556b834070d1,192.168.156.124
205200cdaac61b110838556b834070d1,192.168.156.15
205200cdaac61b110838556b834070d1,192.168.156.157
205200cdaac61b110838556b834070d1,192.168.159.234
205200cdaac61b110838556b834070d1,192.168.16.230
205200cdaac61b110838556b834070d1,192.168.16.95
205200cdaac61b110838556b834070d1,192.168.160.129
205200cdaac61b110838556b834070d1,192.168.160.81
205200cdaac61b110838556b834070d1,192.168.161.74
205200cdaac61b110838556b834070d1,192.168.165.255
205200cdaac61b110838556b834070d1,192.168.169.44
205200cdaac61b110838556b834070d1,192.168.172.216
205200cdaac61b110838556b834070d1,192.168.173.150
205200cdaac61b110838556b834070d1,192.168.174.58
205200cdaac61b110838556b834070d1,192.168.176.69
205200cdaac61b110838556b834070d1,192.168.181.0
205200cdaac61b110838556b834070d1,192.168.182.247
205200cdaac61b110838556b834070d1,192.168.184.51
205200cdaac61b110838556b834070d1,192.168.185.107
205200cdaac61b110838556b834070d1,192.168.185.52
205200cdaac61b110838556b834070d1,192.168.189.135
205200cdaac61b110838556b834070d1,192.168.19.38
205200cdaac61b110838556b834070d1,192.168.190.28
205200cdaac61b110838556b834070d1,192.168.191.5
205200cdaac61b110838556b834070d1,192.168.192.128
205200cdaac61b110838556b834070d1,192.168.192.67
205200cdaac61b110838556b834070d1,192.168.194.143
205200cdaac61b110838556b834070d1,192.168.195.19
205200cdaac61b110838556b834070d1,192.168.197.116
205200cdaac61b110838556b834070d1,192.168.198.82
205200cdaac61b110838556b834070d1,192.168.198.86
205200cdaac61b110838556b834070d1,192.168.199.230
205200cdaac61b110838556b834070d1,192.168.20.3
205200cdaac61b110838556b834070d1,192.168.201.221
205200cdaac61b110838556b834070d1,192.168.202.10
205200cdaac61b110838556b834070d1,192.168.206.187
205200cdaac61b110838556b834070d1,192.168.207.0
205200cdaac61b110838556b834070d1,192.168.208.230
205200cdaac61b110838556b834070d1,192.168.209.162
205200cdaac61b110838556b834070d1,192.168.209.34
205200cdaac61b110838556b834070d1,192.168.210.239
205200cdaac61b110838556b834070d1,192.168.215.37
205200cdaac61b110838556b834070d1,192.168.216.170
205200cdaac61b110838556b834070d1,192.168.217.125
205200cdaac61b110838556b834070d1,192.168.22.223
205200cdaac61b110838556b834070d1,192.168.22.43
205200cdaac61b110838556b834070d1,192.168.220.176
205200cdaac61b110838556b834070d1,192.168.222.113
205200cdaac61b110838556b834070d1,192.168.223.11
205200cdaac61b110838556b834070d1,192.168.223.45
205200cdaac61b110838556b834070d1,192.168.227.10
205200cdaac61b110838556b834070d1,192.168.234.7
205200cdaac61b110838556b834070d1,192.168.235.32
205200cdaac61b110838556b834070d1,192.168.236.185
205200cdaac61b110838556b834070d1,192.168.244.170
205200cdaac61b110838556b834070d1,192.168.247.234
205200cdaac61b110838556b834070d1,192.168.25.114
205200cdaac61b110838556b834070d1,192.168.251.163
205200cdaac61b110838556b834070d1,192.168.253.118
205200cdaac61b110838556b834070d1,192.168.255.123
205200cdaac61b110838556b834070d1,192.168.255.199
205200cdaac61b110838556b834070d1,192.168.26.226
205200cdaac61b110838556b834070d1,192.168.27.151
205200cdaac61b110838556b834070d1,192.168.28.211
205200cdaac61b110838556b834070d1,192.168.34.222
205200cdaac61b110838556b834070d1,192.168.35.8
205200cdaac61b110838556b834070d1,192.168.36.82
205200cdaac61b110838556b834070d1,192.168.42.183
205200cdaac61b110838556b834070d1,192.168.43.111
205200cdaac61b110838556b834070d1,192.168.45.1
205200cdaac61b110838556b834070d1,192.168.46.243
205200cdaac61b110838556b834070d1,192.168.50.124
205200cdaac61b110838556b834070d1,192.168.51.29
205200cdaac61b110838556b834070d1,192.168.6.160
205200cdaac61b110838556b834070d1,192.168.6.229
205200cdaac61b110838556b834070d1,192.168.61.132
205200cdaac61b110838556b834070d1,192.168.64.121
205200cdaac61b110838556b834070d1,192.168.66.0
205200cdaac61b110838556b834070d1,192.168.67.94
205200cdaac61b110838556b834070d1,192.168.68.87
205200cdaac61b110838556b834070d1,192.168.7.153
205200cdaac61b110838556b834070d1,192.168.71.243
205200cdaac61b110838556b834070d1,192.168.74.8
205200cdaac61b110838556b834070d1,192.168.75.73
205200cdaac61b110838556b834070d1,192.168.81.163
205200cdaac61b110838556b834070d1,192.168.83.172
205200cdaac61b110838556b834070d1,192.168.89.39
205200cdaac61b110838556b834070d1,192.168.95.13
205200cdaac61b110838556b834070d1,192.168.95.41
205200cdaac61b110838556b834070d1,192.168.97.198
205200cdaac61b110838556b834070d1,192.168.98.102
b102b73a090f4079a02e520bc16cc6cf,192.168.10.166
b102b73a090f4079a02e520bc16cc6cf,192.168.113.41
b102b73a090f4079a02e520bc16cc6cf,192.168.33.152
b102b73a090f4079a02e520bc16cc6cf,192.168.39.180
b102b73a090f4079a02e520bc16cc6cf,192.168.74.29
abdbdaa1b02f6e30b13c01f9f6742738,192.168.100.62
abdbdaa1b02f6e30b13c01f9f6742738,192.168.166.230
32f9394763a922d31877fad9aa9b3773,192.168.101.40
32f9394763a922d31877fad9aa9b3773,192.168.237.144
32f9394763a922d31877fad9aa9b3773,192.168.245.50
d7150af4514b868defb854db0f62a441,192.168.104.237
d7150af4514b868defb854db0f62a441,192.168.123.142
d7150af4514b868defb854db0f62a441,192.168.125.218
d7150af4514b868defb854db0f62a441,192.168.137.25
d7150af4514b868defb854db0f62a441,192.168.154.248
d7150af4514b868defb854db0f62a441,192.168.167.59
d7150af4514b868defb854db0f62a441,192.168.168.53
d7150af4514b868defb854db0f62a441,192.168.174.160
d7150af4514b868defb854db0f62a441,192.168.176.225
d7150af4514b868defb854db0f62a441,192.168.18.14
d7150af4514b868defb854db0f62a441,192.168.183.166
d7150af4514b868defb854db0f62a441,192.168.225.167
d7150af4514b868defb854db0f62a441,192.168.234.63
d7150af4514b868defb854db0f62a441,192.168.247.103
d7150af4514b868defb854db0f62a441,192.168.25.170
d7150af4514b868defb854db0f62a441,192.168.252.4
d7150af4514b868defb854db0f62a441,192.168.27.201
d7150af4514b868defb854db0f62a441,192.168.39.164
d7150af4514b868defb854db0f62a441,192.168.39.207
d7150af4514b868defb854db0f62a441,192.168.49.20
d7150af4514b868defb854db0f62a441,192.168.5.88
d7150af4514b868defb854db0f62a441,192.168.50.240
d7150af4514b868defb854db0f62a441,192.168.54.24
d7150af4514b868defb854db0f62a441,192.168.69.91
d7150af4514b868defb854db0f62a441,192.168.74.201
d7150af4514b868defb854db0f62a441,192.168.74.21
d7150af4514b868defb854db0f62a441,192.168.77.104
d7150af4514b868defb854db0f62a441,192.168.91.176
887983fd07ed0d10e96e7f002b323a43,192.168.113.13
887983fd07ed0d10e96e7f002b323a43,192.168.12.154
887983fd07ed0d10e96e7f002b323a43,192.168.134.160
887983fd07ed0d10e96e7f002b323a43,192.168.159.155
887983fd07ed0d10e96e7f002b323a43,192.168.187.158
887983fd07ed0d10e96e7f002b323a43,192.168.212.230
887983fd07ed0d10e96e7f002b323a43,192.168.220.46
887983fd07ed0d10e96e7f002b323a43,192.168.231.5
887983fd07ed0d10e96e7f002b323a43,192.168.248.88
887983fd07ed0d10e96e7f002b323a43,192.168.39.111
887983fd07ed0d10e96e7f002b323a43,192.168.4.41
887983fd07ed0d10e96e7f002b323a43,192.168.51.236
887983fd07ed0d10e96e7f002b323a43,192.168.6.110
887983fd07ed0d10e96e7f002b323a43,192.168.62.212
887983fd07ed0d10e96e7f002b323a43,192.168.69.99
887983fd07ed0d10e96e7f002b323a43,192.168.76.119
887983fd07ed0d10e96e7f002b323a43,192.168.99.6
535aca3d99fc247509cd50933cd71d37,192.168.119.245
535aca3d99fc247509cd50933cd71d37,192.168.152.101
535aca3d99fc247509cd50933cd71d37,192.168.20.97
535aca3d99fc247509cd50933cd71d37,192.168.206.147
f436b9416f37d134cadd04886327d3e8,192.168.12.104
f436b9416f37d134cadd04886327d3e8,192.168.130.163
f436b9416f37d134cadd04886327d3e8,192.168.141.158
f436b9416f37d134cadd04886327d3e8,192.168.143.91
f436b9416f37d134cadd04886327d3e8,192.168.15.84
f436b9416f37d134cadd04886327d3e8,192.168.218.254
f436b9416f37d134cadd04886327d3e8,192.168.242.54
f436b9416f37d134cadd04886327d3e8,192.168.25.194
f436b9416f37d134cadd04886327d3e8,192.168.9.15
9a35e493f961ac377f948690b5334a9c,192.168.125.189
9a35e493f961ac377f948690b5334a9c,192.168.195.143
9a35e493f961ac377f948690b5334a9c,192.168.42.160
667974adbac1c3c817854137b91d3099,192.168.125.189
b4010bb835ee1b035da12e3f933c9312,192.168.125.36
a795593605a13211941d44505b4d1e39,192.168.146.85
35a73cfed9d010bbf092d2f22e797944,192.168.164.0
35a73cfed9d010bbf092d2f22e797944,192.168.188.222
35a73cfed9d010bbf092d2f22e797944,192.168.231.82
35a73cfed9d010bbf092d2f22e797944,192.168.245.185
3f2fba0262b1a22b739126dfb2fe7a7d,192.168.189.1
3f2fba0262b1a22b739126dfb2fe7a7d,192.168.35.110
5001b4c2a48c94b76ca1f0199345fe60,192.168.205.199
88afa0dea1608e28f50acbad32d7f195,192.168.221.170
88afa0dea1608e28f50acbad32d7f195,192.168.254.101
88afa0dea1608e28f50acbad32d7f195,192.168.83.36
1b83d0a78a9a1d00fd9b4c6752943a16,192.168.255.6
1b83d0a78a9a1d00fd9b4c6752943a16,192.168.59.167
0bfd7fc4b72e174811c409f13a8b6fed,192.168.31.79
a7dfa1673bb090cab6b6658861f43473,192.168.36.181
1bd0ea95385ea809eea3855eb572d634,192.168.80.159
