index,source_ip,ja3_digest,è®¡æ°é¡¹:source_ip,fp_num
1,192.168.0.10,de350869b8c85de67a350c8d186f11e6,9,943
3,192.168.0.216,de350869b8c85de67a350c8d186f11e6,2,943
9,192.168.1.145,de350869b8c85de67a350c8d186f11e6,4,943
11,192.168.1.152,de350869b8c85de67a350c8d186f11e6,12,943
13,192.168.1.164,de350869b8c85de67a350c8d186f11e6,8,943
15,192.168.1.185,de350869b8c85de67a350c8d186f11e6,8,943
17,192.168.1.23,de350869b8c85de67a350c8d186f11e6,2,943
19,192.168.1.71,de350869b8c85de67a350c8d186f11e6,8,943
21,192.168.1.75,de350869b8c85de67a350c8d186f11e6,3,943
23,192.168.1.88,de350869b8c85de67a350c8d186f11e6,5,943
25,192.168.10.163,de350869b8c85de67a350c8d186f11e6,8,943
29,192.168.10.18,de350869b8c85de67a350c8d186f11e6,8,943
31,192.168.10.20,de350869b8c85de67a350c8d186f11e6,2,943
33,192.168.100.125,de350869b8c85de67a350c8d186f11e6,2,943
35,192.168.100.26,de350869b8c85de67a350c8d186f11e6,12,943
39,192.168.100.75,de350869b8c85de67a350c8d186f11e6,2,943
45,192.168.101.207,de350869b8c85de67a350c8d186f11e6,8,943
51,192.168.101.63,de350869b8c85de67a350c8d186f11e6,1,943
53,192.168.102.116,de350869b8c85de67a350c8d186f11e6,1,943
55,192.168.102.151,de350869b8c85de67a350c8d186f11e6,3,943
57,192.168.102.166,de350869b8c85de67a350c8d186f11e6,2,943
59,192.168.103.175,de350869b8c85de67a350c8d186f11e6,2,943
61,192.168.103.206,de350869b8c85de67a350c8d186f11e6,9,943
63,192.168.103.230,de350869b8c85de67a350c8d186f11e6,8,943
65,192.168.103.55,de350869b8c85de67a350c8d186f11e6,12,943
67,192.168.103.56,de350869b8c85de67a350c8d186f11e6,9,943
70,192.168.103.57,de350869b8c85de67a350c8d186f11e6,1,943
72,192.168.104.184,de350869b8c85de67a350c8d186f11e6,2,943
74,192.168.104.188,de350869b8c85de67a350c8d186f11e6,2,943
78,192.168.104.31,de350869b8c85de67a350c8d186f11e6,12,943
82,192.168.105.148,de350869b8c85de67a350c8d186f11e6,6,943
86,192.168.105.192,de350869b8c85de67a350c8d186f11e6,2,943
88,192.168.105.227,de350869b8c85de67a350c8d186f11e6,10,943
92,192.168.105.82,de350869b8c85de67a350c8d186f11e6,8,943
94,192.168.106.130,de350869b8c85de67a350c8d186f11e6,12,943
96,192.168.106.158,de350869b8c85de67a350c8d186f11e6,12,943
98,192.168.106.160,de350869b8c85de67a350c8d186f11e6,2,943
102,192.168.106.251,de350869b8c85de67a350c8d186f11e6,8,943
104,192.168.107.201,de350869b8c85de67a350c8d186f11e6,2,943
106,192.168.107.242,de350869b8c85de67a350c8d186f11e6,4,943
108,192.168.107.251,de350869b8c85de67a350c8d186f11e6,8,943
112,192.168.107.56,de350869b8c85de67a350c8d186f11e6,4,943
114,192.168.107.75,de350869b8c85de67a350c8d186f11e6,10,943
116,192.168.108.178,de350869b8c85de67a350c8d186f11e6,12,943
118,192.168.108.180,de350869b8c85de67a350c8d186f11e6,2,943
120,192.168.108.194,de350869b8c85de67a350c8d186f11e6,12,943
124,192.168.108.201,de350869b8c85de67a350c8d186f11e6,2,943
126,192.168.108.24,de350869b8c85de67a350c8d186f11e6,8,943
128,192.168.108.29,de350869b8c85de67a350c8d186f11e6,8,943
130,192.168.108.53,de350869b8c85de67a350c8d186f11e6,2,943
134,192.168.108.91,de350869b8c85de67a350c8d186f11e6,9,943
136,192.168.108.93,de350869b8c85de67a350c8d186f11e6,5,943
140,192.168.109.19,de350869b8c85de67a350c8d186f11e6,12,943
144,192.168.109.227,de350869b8c85de67a350c8d186f11e6,3,943
146,192.168.109.30,de350869b8c85de67a350c8d186f11e6,2,943
148,192.168.11.54,de350869b8c85de67a350c8d186f11e6,2,943
150,192.168.110.121,de350869b8c85de67a350c8d186f11e6,4,943
152,192.168.110.146,de350869b8c85de67a350c8d186f11e6,12,943
154,192.168.110.206,de350869b8c85de67a350c8d186f11e6,10,943
156,192.168.111.181,de350869b8c85de67a350c8d186f11e6,4,943
158,192.168.111.222,de350869b8c85de67a350c8d186f11e6,2,943
160,192.168.111.223,de350869b8c85de67a350c8d186f11e6,12,943
162,192.168.111.82,de350869b8c85de67a350c8d186f11e6,12,943
166,192.168.112.158,de350869b8c85de67a350c8d186f11e6,89,943
168,192.168.112.160,de350869b8c85de67a350c8d186f11e6,2,943
172,192.168.113.155,de350869b8c85de67a350c8d186f11e6,2,943
174,192.168.113.217,de350869b8c85de67a350c8d186f11e6,12,943
176,192.168.113.31,de350869b8c85de67a350c8d186f11e6,2,943
180,192.168.113.68,de350869b8c85de67a350c8d186f11e6,2,943
184,192.168.114.202,de350869b8c85de67a350c8d186f11e6,12,943
186,192.168.114.207,de350869b8c85de67a350c8d186f11e6,3,943
188,192.168.114.3,de350869b8c85de67a350c8d186f11e6,4,943
190,192.168.114.47,de350869b8c85de67a350c8d186f11e6,2,943
194,192.168.114.97,de350869b8c85de67a350c8d186f11e6,8,943
196,192.168.115.188,de350869b8c85de67a350c8d186f11e6,2,943
198,192.168.115.219,de350869b8c85de67a350c8d186f11e6,10,943
200,192.168.115.23,de350869b8c85de67a350c8d186f11e6,12,943
202,192.168.116.133,de350869b8c85de67a350c8d186f11e6,2,943
204,192.168.116.189,de350869b8c85de67a350c8d186f11e6,10,943
206,192.168.116.24,de350869b8c85de67a350c8d186f11e6,2,943
208,192.168.116.247,de350869b8c85de67a350c8d186f11e6,2,943
210,192.168.116.54,de350869b8c85de67a350c8d186f11e6,1,943
214,192.168.117.125,de350869b8c85de67a350c8d186f11e6,2,943
220,192.168.118.167,de350869b8c85de67a350c8d186f11e6,4,943
224,192.168.119.228,de350869b8c85de67a350c8d186f11e6,9,943
228,192.168.119.33,de350869b8c85de67a350c8d186f11e6,10,943
232,192.168.12.107,de350869b8c85de67a350c8d186f11e6,4,943
236,192.168.12.164,de350869b8c85de67a350c8d186f11e6,2,943
238,192.168.12.236,de350869b8c85de67a350c8d186f11e6,8,943
240,192.168.12.24,de350869b8c85de67a350c8d186f11e6,4,943
244,192.168.120.113,de350869b8c85de67a350c8d186f11e6,4,943
246,192.168.120.146,de350869b8c85de67a350c8d186f11e6,2,943
248,192.168.120.15,de350869b8c85de67a350c8d186f11e6,2,943
250,192.168.121.183,de350869b8c85de67a350c8d186f11e6,1,943
252,192.168.121.188,de350869b8c85de67a350c8d186f11e6,2,943
254,192.168.121.192,de350869b8c85de67a350c8d186f11e6,12,943
256,192.168.121.38,de350869b8c85de67a350c8d186f11e6,8,943
258,192.168.121.61,de350869b8c85de67a350c8d186f11e6,3,943
260,192.168.121.72,de350869b8c85de67a350c8d186f11e6,4,943
262,192.168.121.73,de350869b8c85de67a350c8d186f11e6,9,943
264,192.168.122.148,de350869b8c85de67a350c8d186f11e6,8,943
266,192.168.122.161,de350869b8c85de67a350c8d186f11e6,1,943
268,192.168.122.167,de350869b8c85de67a350c8d186f11e6,2,943
270,192.168.122.242,de350869b8c85de67a350c8d186f11e6,12,943
274,192.168.122.33,de350869b8c85de67a350c8d186f11e6,8,943
276,192.168.122.4,de350869b8c85de67a350c8d186f11e6,2,943
278,192.168.122.58,de350869b8c85de67a350c8d186f11e6,5,943
280,192.168.123.108,de350869b8c85de67a350c8d186f11e6,3,943
284,192.168.123.197,de350869b8c85de67a350c8d186f11e6,1,943
286,192.168.123.211,de350869b8c85de67a350c8d186f11e6,9,943
288,192.168.123.29,de350869b8c85de67a350c8d186f11e6,8,943
290,192.168.124.117,de350869b8c85de67a350c8d186f11e6,1,943
292,192.168.124.172,de350869b8c85de67a350c8d186f11e6,2,943
299,192.168.124.226,de350869b8c85de67a350c8d186f11e6,1,943
301,192.168.124.245,de350869b8c85de67a350c8d186f11e6,1,943
303,192.168.124.255,de350869b8c85de67a350c8d186f11e6,8,943
305,192.168.124.65,de350869b8c85de67a350c8d186f11e6,1,943
307,192.168.124.70,de350869b8c85de67a350c8d186f11e6,12,943
309,192.168.125.132,de350869b8c85de67a350c8d186f11e6,7,943
311,192.168.125.137,de350869b8c85de67a350c8d186f11e6,9,943
313,192.168.125.162,de350869b8c85de67a350c8d186f11e6,2,943
315,192.168.125.166,de350869b8c85de67a350c8d186f11e6,3,943
326,192.168.126.121,de350869b8c85de67a350c8d186f11e6,9,943
328,192.168.126.123,de350869b8c85de67a350c8d186f11e6,7,943
330,192.168.126.13,de350869b8c85de67a350c8d186f11e6,2,943
332,192.168.126.160,de350869b8c85de67a350c8d186f11e6,8,943
334,192.168.126.189,de350869b8c85de67a350c8d186f11e6,4,943
336,192.168.126.190,de350869b8c85de67a350c8d186f11e6,1,943
338,192.168.127.114,de350869b8c85de67a350c8d186f11e6,2,943
340,192.168.127.129,de350869b8c85de67a350c8d186f11e6,8,943
342,192.168.127.172,de350869b8c85de67a350c8d186f11e6,12,943
344,192.168.127.232,de350869b8c85de67a350c8d186f11e6,2,943
346,192.168.127.41,de350869b8c85de67a350c8d186f11e6,2,943
352,192.168.128.107,de350869b8c85de67a350c8d186f11e6,2,943
354,192.168.128.125,de350869b8c85de67a350c8d186f11e6,12,943
356,192.168.128.14,de350869b8c85de67a350c8d186f11e6,2,943
358,192.168.128.219,de350869b8c85de67a350c8d186f11e6,8,943
360,192.168.128.221,de350869b8c85de67a350c8d186f11e6,2,943
362,192.168.128.226,de350869b8c85de67a350c8d186f11e6,2,943
364,192.168.129.12,de350869b8c85de67a350c8d186f11e6,12,943
366,192.168.129.120,de350869b8c85de67a350c8d186f11e6,2,943
368,192.168.129.127,de350869b8c85de67a350c8d186f11e6,8,943
370,192.168.129.141,de350869b8c85de67a350c8d186f11e6,12,943
372,192.168.129.142,de350869b8c85de67a350c8d186f11e6,9,943
374,192.168.129.24,de350869b8c85de67a350c8d186f11e6,1,943
378,192.168.129.87,de350869b8c85de67a350c8d186f11e6,12,943
382,192.168.13.163,de350869b8c85de67a350c8d186f11e6,8,943
384,192.168.13.48,de350869b8c85de67a350c8d186f11e6,4,943
386,192.168.13.85,de350869b8c85de67a350c8d186f11e6,9,943
392,192.168.130.71,de350869b8c85de67a350c8d186f11e6,12,943
394,192.168.131.200,de350869b8c85de67a350c8d186f11e6,2,943
396,192.168.131.251,de350869b8c85de67a350c8d186f11e6,12,943
398,192.168.132.101,de350869b8c85de67a350c8d186f11e6,8,943
400,192.168.132.111,de350869b8c85de67a350c8d186f11e6,11,943
402,192.168.132.15,de350869b8c85de67a350c8d186f11e6,2,943
406,192.168.133.119,de350869b8c85de67a350c8d186f11e6,2,943
408,192.168.133.174,de350869b8c85de67a350c8d186f11e6,2,943
410,192.168.133.232,de350869b8c85de67a350c8d186f11e6,8,943
412,192.168.133.254,de350869b8c85de67a350c8d186f11e6,6,943
414,192.168.133.48,de350869b8c85de67a350c8d186f11e6,8,943
418,192.168.134.121,de350869b8c85de67a350c8d186f11e6,5,943
420,192.168.134.125,de350869b8c85de67a350c8d186f11e6,12,943
424,192.168.134.174,de350869b8c85de67a350c8d186f11e6,8,943
426,192.168.134.2,de350869b8c85de67a350c8d186f11e6,2,943
428,192.168.134.218,de350869b8c85de67a350c8d186f11e6,9,943
430,192.168.134.45,de350869b8c85de67a350c8d186f11e6,1,943
434,192.168.134.99,de350869b8c85de67a350c8d186f11e6,2,943
438,192.168.135.219,de350869b8c85de67a350c8d186f11e6,8,943
440,192.168.135.222,de350869b8c85de67a350c8d186f11e6,2,943
442,192.168.135.237,de350869b8c85de67a350c8d186f11e6,4,943
444,192.168.136.141,de350869b8c85de67a350c8d186f11e6,2,943
446,192.168.136.168,de350869b8c85de67a350c8d186f11e6,2,943
448,192.168.136.193,de350869b8c85de67a350c8d186f11e6,2,943
450,192.168.137.139,de350869b8c85de67a350c8d186f11e6,12,943
452,192.168.137.232,de350869b8c85de67a350c8d186f11e6,1,943
458,192.168.137.55,de350869b8c85de67a350c8d186f11e6,9,943
460,192.168.138.151,de350869b8c85de67a350c8d186f11e6,9,943
462,192.168.138.163,de350869b8c85de67a350c8d186f11e6,2,943
464,192.168.138.165,de350869b8c85de67a350c8d186f11e6,8,943
466,192.168.138.180,de350869b8c85de67a350c8d186f11e6,2,943
468,192.168.138.187,de350869b8c85de67a350c8d186f11e6,9,943
470,192.168.138.73,de350869b8c85de67a350c8d186f11e6,9,943
472,192.168.139.216,de350869b8c85de67a350c8d186f11e6,1,943
474,192.168.139.229,de350869b8c85de67a350c8d186f11e6,13,943
476,192.168.14.144,de350869b8c85de67a350c8d186f11e6,8,943
478,192.168.14.169,de350869b8c85de67a350c8d186f11e6,8,943
480,192.168.14.177,de350869b8c85de67a350c8d186f11e6,9,943
482,192.168.14.181,de350869b8c85de67a350c8d186f11e6,12,943
484,192.168.14.208,de350869b8c85de67a350c8d186f11e6,6,943
486,192.168.14.254,de350869b8c85de67a350c8d186f11e6,1,943
488,192.168.14.32,de350869b8c85de67a350c8d186f11e6,2,943
490,192.168.14.56,de350869b8c85de67a350c8d186f11e6,8,943
492,192.168.14.81,de350869b8c85de67a350c8d186f11e6,8,943
494,192.168.140.2,de350869b8c85de67a350c8d186f11e6,2,943
500,192.168.141.206,de350869b8c85de67a350c8d186f11e6,1,943
502,192.168.141.225,de350869b8c85de67a350c8d186f11e6,2,943
504,192.168.141.38,de350869b8c85de67a350c8d186f11e6,2,943
506,192.168.141.70,de350869b8c85de67a350c8d186f11e6,2,943
508,192.168.142.159,de350869b8c85de67a350c8d186f11e6,4,943
510,192.168.142.247,de350869b8c85de67a350c8d186f11e6,1,943
514,192.168.142.43,de350869b8c85de67a350c8d186f11e6,9,943
516,192.168.142.92,de350869b8c85de67a350c8d186f11e6,12,943
520,192.168.143.144,de350869b8c85de67a350c8d186f11e6,8,943
522,192.168.143.199,de350869b8c85de67a350c8d186f11e6,2,943
526,192.168.144.109,de350869b8c85de67a350c8d186f11e6,10,943
528,192.168.144.35,de350869b8c85de67a350c8d186f11e6,1,943
530,192.168.145.161,de350869b8c85de67a350c8d186f11e6,2,943
532,192.168.145.179,de350869b8c85de67a350c8d186f11e6,7,943
536,192.168.146.143,de350869b8c85de67a350c8d186f11e6,8,943
538,192.168.146.62,de350869b8c85de67a350c8d186f11e6,1,943
542,192.168.146.98,de350869b8c85de67a350c8d186f11e6,7,943
544,192.168.147.175,de350869b8c85de67a350c8d186f11e6,12,943
546,192.168.147.186,de350869b8c85de67a350c8d186f11e6,2,943
552,192.168.147.232,de350869b8c85de67a350c8d186f11e6,8,943
558,192.168.148.100,de350869b8c85de67a350c8d186f11e6,7,943
560,192.168.148.152,de350869b8c85de67a350c8d186f11e6,12,943
564,192.168.148.199,de350869b8c85de67a350c8d186f11e6,2,943
566,192.168.148.23,de350869b8c85de67a350c8d186f11e6,1,943
568,192.168.148.32,de350869b8c85de67a350c8d186f11e6,2,943
572,192.168.148.43,de350869b8c85de67a350c8d186f11e6,2,943
574,192.168.149.142,de350869b8c85de67a350c8d186f11e6,2,943
576,192.168.149.146,de350869b8c85de67a350c8d186f11e6,9,943
578,192.168.149.161,de350869b8c85de67a350c8d186f11e6,12,943
580,192.168.149.188,de350869b8c85de67a350c8d186f11e6,12,943
582,192.168.149.41,de350869b8c85de67a350c8d186f11e6,17,943
584,192.168.15.107,de350869b8c85de67a350c8d186f11e6,2,943
586,192.168.15.114,de350869b8c85de67a350c8d186f11e6,10,943
590,192.168.15.96,de350869b8c85de67a350c8d186f11e6,1,943
592,192.168.150.226,de350869b8c85de67a350c8d186f11e6,10,943
594,192.168.151.152,de350869b8c85de67a350c8d186f11e6,10,943
596,192.168.151.244,de350869b8c85de67a350c8d186f11e6,4,943
598,192.168.151.54,de350869b8c85de67a350c8d186f11e6,2,943
600,192.168.151.57,de350869b8c85de67a350c8d186f11e6,4,943
604,192.168.152.145,de350869b8c85de67a350c8d186f11e6,8,943
606,192.168.152.176,de350869b8c85de67a350c8d186f11e6,2,943
608,192.168.152.18,de350869b8c85de67a350c8d186f11e6,6,943
610,192.168.152.183,de350869b8c85de67a350c8d186f11e6,1,943
612,192.168.152.193,de350869b8c85de67a350c8d186f11e6,2,943
614,192.168.152.197,de350869b8c85de67a350c8d186f11e6,1,943
616,192.168.152.201,de350869b8c85de67a350c8d186f11e6,2,943
620,192.168.153.139,de350869b8c85de67a350c8d186f11e6,12,943
622,192.168.153.144,de350869b8c85de67a350c8d186f11e6,2,943
626,192.168.153.59,de350869b8c85de67a350c8d186f11e6,2,943
628,192.168.153.88,de350869b8c85de67a350c8d186f11e6,8,943
630,192.168.154.115,de350869b8c85de67a350c8d186f11e6,9,943
632,192.168.154.137,de350869b8c85de67a350c8d186f11e6,10,943
634,192.168.154.184,de350869b8c85de67a350c8d186f11e6,2,943
638,192.168.154.8,de350869b8c85de67a350c8d186f11e6,9,943
642,192.168.155.23,de350869b8c85de67a350c8d186f11e6,9,943
644,192.168.155.233,de350869b8c85de67a350c8d186f11e6,2,943
646,192.168.155.57,de350869b8c85de67a350c8d186f11e6,2,943
648,192.168.155.67,de350869b8c85de67a350c8d186f11e6,8,943
652,192.168.156.139,de350869b8c85de67a350c8d186f11e6,2,943
654,192.168.156.149,de350869b8c85de67a350c8d186f11e6,2,943
660,192.168.156.198,de350869b8c85de67a350c8d186f11e6,6,943
662,192.168.156.249,de350869b8c85de67a350c8d186f11e6,2,943
666,192.168.157.85,de350869b8c85de67a350c8d186f11e6,9,943
668,192.168.158.140,de350869b8c85de67a350c8d186f11e6,9,943
670,192.168.158.154,de350869b8c85de67a350c8d186f11e6,2,943
672,192.168.158.25,de350869b8c85de67a350c8d186f11e6,2,943
678,192.168.159.71,de350869b8c85de67a350c8d186f11e6,9,943
680,192.168.159.80,de350869b8c85de67a350c8d186f11e6,8,943
682,192.168.159.96,de350869b8c85de67a350c8d186f11e6,12,943
684,192.168.16.128,de350869b8c85de67a350c8d186f11e6,12,943
686,192.168.16.201,de350869b8c85de67a350c8d186f11e6,6,943
690,192.168.16.236,de350869b8c85de67a350c8d186f11e6,8,943
692,192.168.16.77,de350869b8c85de67a350c8d186f11e6,8,943
700,192.168.160.204,de350869b8c85de67a350c8d186f11e6,8,943
702,192.168.160.25,de350869b8c85de67a350c8d186f11e6,2,943
704,192.168.160.36,de350869b8c85de67a350c8d186f11e6,11,943
708,192.168.161.28,de350869b8c85de67a350c8d186f11e6,12,943
710,192.168.161.68,de350869b8c85de67a350c8d186f11e6,1,943
714,192.168.162.152,de350869b8c85de67a350c8d186f11e6,9,943
716,192.168.162.186,de350869b8c85de67a350c8d186f11e6,2,943
718,192.168.162.3,de350869b8c85de67a350c8d186f11e6,2,943
720,192.168.162.9,de350869b8c85de67a350c8d186f11e6,2,943
722,192.168.163.199,de350869b8c85de67a350c8d186f11e6,2,943
724,192.168.163.201,de350869b8c85de67a350c8d186f11e6,2,943
726,192.168.163.208,de350869b8c85de67a350c8d186f11e6,8,943
728,192.168.163.248,de350869b8c85de67a350c8d186f11e6,2,943
730,192.168.163.88,de350869b8c85de67a350c8d186f11e6,2,943
734,192.168.165.138,de350869b8c85de67a350c8d186f11e6,8,943
742,192.168.165.33,de350869b8c85de67a350c8d186f11e6,2,943
746,192.168.165.75,de350869b8c85de67a350c8d186f11e6,7,943
748,192.168.166.148,de350869b8c85de67a350c8d186f11e6,2,943
751,192.168.166.230,de350869b8c85de67a350c8d186f11e6,9,943
753,192.168.166.231,de350869b8c85de67a350c8d186f11e6,12,943
755,192.168.166.249,de350869b8c85de67a350c8d186f11e6,1,943
757,192.168.166.61,de350869b8c85de67a350c8d186f11e6,9,943
759,192.168.167.255,de350869b8c85de67a350c8d186f11e6,2,943
763,192.168.167.65,de350869b8c85de67a350c8d186f11e6,12,943
765,192.168.168.135,de350869b8c85de67a350c8d186f11e6,2,943
775,192.168.17.10,de350869b8c85de67a350c8d186f11e6,12,943
777,192.168.17.112,de350869b8c85de67a350c8d186f11e6,2,943
779,192.168.17.124,de350869b8c85de67a350c8d186f11e6,4,943
781,192.168.17.59,de350869b8c85de67a350c8d186f11e6,8,943
787,192.168.170.210,de350869b8c85de67a350c8d186f11e6,2,943
789,192.168.170.215,de350869b8c85de67a350c8d186f11e6,8,943
791,192.168.170.36,de350869b8c85de67a350c8d186f11e6,8,943
793,192.168.170.58,de350869b8c85de67a350c8d186f11e6,2,943
795,192.168.171.115,de350869b8c85de67a350c8d186f11e6,12,943
797,192.168.171.165,de350869b8c85de67a350c8d186f11e6,8,943
799,192.168.171.194,de350869b8c85de67a350c8d186f11e6,2,943
805,192.168.171.74,de350869b8c85de67a350c8d186f11e6,12,943
807,192.168.172.104,de350869b8c85de67a350c8d186f11e6,2,943
809,192.168.172.212,de350869b8c85de67a350c8d186f11e6,10,943
813,192.168.172.48,de350869b8c85de67a350c8d186f11e6,9,943
815,192.168.172.55,de350869b8c85de67a350c8d186f11e6,2,943
819,192.168.173.83,de350869b8c85de67a350c8d186f11e6,6,943
825,192.168.175.137,de350869b8c85de67a350c8d186f11e6,2,943
827,192.168.175.144,de350869b8c85de67a350c8d186f11e6,9,943
829,192.168.175.191,de350869b8c85de67a350c8d186f11e6,2,943
831,192.168.175.231,de350869b8c85de67a350c8d186f11e6,1,943
833,192.168.176.107,de350869b8c85de67a350c8d186f11e6,9,943
838,192.168.176.243,de350869b8c85de67a350c8d186f11e6,4,943
844,192.168.178.226,de350869b8c85de67a350c8d186f11e6,2,943
846,192.168.178.71,de350869b8c85de67a350c8d186f11e6,12,943
848,192.168.178.81,de350869b8c85de67a350c8d186f11e6,2,943
850,192.168.179.120,de350869b8c85de67a350c8d186f11e6,8,943
852,192.168.179.157,de350869b8c85de67a350c8d186f11e6,8,943
854,192.168.179.180,de350869b8c85de67a350c8d186f11e6,2,943
856,192.168.179.243,de350869b8c85de67a350c8d186f11e6,2,943
858,192.168.179.68,de350869b8c85de67a350c8d186f11e6,2,943
862,192.168.18.150,de350869b8c85de67a350c8d186f11e6,2,943
864,192.168.18.185,de350869b8c85de67a350c8d186f11e6,2,943
866,192.168.18.216,de350869b8c85de67a350c8d186f11e6,5,943
868,192.168.18.217,de350869b8c85de67a350c8d186f11e6,8,943
870,192.168.18.233,de350869b8c85de67a350c8d186f11e6,1,943
874,192.168.18.71,de350869b8c85de67a350c8d186f11e6,2,943
876,192.168.18.92,de350869b8c85de67a350c8d186f11e6,1,943
878,192.168.180.17,de350869b8c85de67a350c8d186f11e6,9,943
880,192.168.180.178,de350869b8c85de67a350c8d186f11e6,8,943
884,192.168.181.120,de350869b8c85de67a350c8d186f11e6,10,943
886,192.168.181.15,de350869b8c85de67a350c8d186f11e6,2,943
888,192.168.181.167,de350869b8c85de67a350c8d186f11e6,12,943
890,192.168.181.223,de350869b8c85de67a350c8d186f11e6,8,943
892,192.168.182.115,de350869b8c85de67a350c8d186f11e6,9,943
896,192.168.182.225,de350869b8c85de67a350c8d186f11e6,1,943
898,192.168.182.240,de350869b8c85de67a350c8d186f11e6,8,943
902,192.168.183.117,de350869b8c85de67a350c8d186f11e6,9,943
904,192.168.183.154,de350869b8c85de67a350c8d186f11e6,2,943
906,192.168.183.157,de350869b8c85de67a350c8d186f11e6,1,943
912,192.168.183.56,de350869b8c85de67a350c8d186f11e6,2,943
914,192.168.183.67,de350869b8c85de67a350c8d186f11e6,8,943
916,192.168.184.214,de350869b8c85de67a350c8d186f11e6,3,943
922,192.168.185.223,de350869b8c85de67a350c8d186f11e6,10,943
924,192.168.185.241,de350869b8c85de67a350c8d186f11e6,2,943
928,192.168.185.8,de350869b8c85de67a350c8d186f11e6,12,943
930,192.168.186.126,de350869b8c85de67a350c8d186f11e6,12,943
934,192.168.186.173,de350869b8c85de67a350c8d186f11e6,2,943
936,192.168.186.202,de350869b8c85de67a350c8d186f11e6,12,943
938,192.168.186.205,de350869b8c85de67a350c8d186f11e6,6,943
940,192.168.186.227,de350869b8c85de67a350c8d186f11e6,8,943
942,192.168.186.254,de350869b8c85de67a350c8d186f11e6,8,943
944,192.168.186.37,de350869b8c85de67a350c8d186f11e6,12,943
946,192.168.186.45,de350869b8c85de67a350c8d186f11e6,1,943
948,192.168.187.103,de350869b8c85de67a350c8d186f11e6,2,943
952,192.168.187.180,de350869b8c85de67a350c8d186f11e6,4,943
954,192.168.187.186,de350869b8c85de67a350c8d186f11e6,6,943
956,192.168.187.254,de350869b8c85de67a350c8d186f11e6,12,943
958,192.168.187.32,de350869b8c85de67a350c8d186f11e6,2,943
960,192.168.187.34,de350869b8c85de67a350c8d186f11e6,9,943
962,192.168.188.122,de350869b8c85de67a350c8d186f11e6,2,943
964,192.168.188.127,de350869b8c85de67a350c8d186f11e6,2,943
972,192.168.188.38,de350869b8c85de67a350c8d186f11e6,2,943
976,192.168.189.10,de350869b8c85de67a350c8d186f11e6,12,943
978,192.168.189.125,de350869b8c85de67a350c8d186f11e6,8,943
982,192.168.189.165,de350869b8c85de67a350c8d186f11e6,12,943
984,192.168.189.55,de350869b8c85de67a350c8d186f11e6,1,943
986,192.168.19.103,de350869b8c85de67a350c8d186f11e6,12,943
992,192.168.190.11,de350869b8c85de67a350c8d186f11e6,3,943
994,192.168.190.12,de350869b8c85de67a350c8d186f11e6,8,943
996,192.168.190.125,de350869b8c85de67a350c8d186f11e6,12,943
998,192.168.190.224,de350869b8c85de67a350c8d186f11e6,1,943
1002,192.168.190.60,de350869b8c85de67a350c8d186f11e6,2,943
1004,192.168.191.152,de350869b8c85de67a350c8d186f11e6,9,943
1006,192.168.191.193,de350869b8c85de67a350c8d186f11e6,12,943
1008,192.168.191.203,de350869b8c85de67a350c8d186f11e6,8,943
1010,192.168.191.226,de350869b8c85de67a350c8d186f11e6,2,943
1012,192.168.191.246,de350869b8c85de67a350c8d186f11e6,4,943
1018,192.168.192.233,de350869b8c85de67a350c8d186f11e6,8,943
1020,192.168.192.28,de350869b8c85de67a350c8d186f11e6,2,943
1022,192.168.192.46,de350869b8c85de67a350c8d186f11e6,2,943
1028,192.168.193.151,de350869b8c85de67a350c8d186f11e6,2,943
1030,192.168.193.19,de350869b8c85de67a350c8d186f11e6,3,943
1032,192.168.194.0,de350869b8c85de67a350c8d186f11e6,1,943
1036,192.168.194.174,de350869b8c85de67a350c8d186f11e6,9,943
1038,192.168.194.185,de350869b8c85de67a350c8d186f11e6,1,943
1040,192.168.194.2,de350869b8c85de67a350c8d186f11e6,9,943
1042,192.168.195.103,de350869b8c85de67a350c8d186f11e6,8,943
1044,192.168.195.104,de350869b8c85de67a350c8d186f11e6,12,943
1046,192.168.195.106,de350869b8c85de67a350c8d186f11e6,9,943
1050,192.168.195.157,de350869b8c85de67a350c8d186f11e6,10,943
1052,192.168.195.161,de350869b8c85de67a350c8d186f11e6,12,943
1056,192.168.195.209,de350869b8c85de67a350c8d186f11e6,2,943
1058,192.168.195.213,de350869b8c85de67a350c8d186f11e6,8,943
1062,192.168.195.9,de350869b8c85de67a350c8d186f11e6,8,943
1064,192.168.196.211,de350869b8c85de67a350c8d186f11e6,8,943
1066,192.168.196.234,de350869b8c85de67a350c8d186f11e6,2,943
1068,192.168.196.69,de350869b8c85de67a350c8d186f11e6,2,943
1072,192.168.197.154,de350869b8c85de67a350c8d186f11e6,2,943
1074,192.168.197.159,de350869b8c85de67a350c8d186f11e6,2,943
1076,192.168.198.121,de350869b8c85de67a350c8d186f11e6,8,943
1078,192.168.198.177,de350869b8c85de67a350c8d186f11e6,2,943
1080,192.168.198.210,de350869b8c85de67a350c8d186f11e6,8,943
1082,192.168.198.22,de350869b8c85de67a350c8d186f11e6,9,943
1084,192.168.198.249,de350869b8c85de67a350c8d186f11e6,12,943
1086,192.168.198.255,de350869b8c85de67a350c8d186f11e6,2,943
1088,192.168.198.27,de350869b8c85de67a350c8d186f11e6,14,943
1090,192.168.198.30,de350869b8c85de67a350c8d186f11e6,2,943
1096,192.168.199.119,de350869b8c85de67a350c8d186f11e6,4,943
1098,192.168.199.146,de350869b8c85de67a350c8d186f11e6,12,943
1100,192.168.199.149,de350869b8c85de67a350c8d186f11e6,2,943
1102,192.168.199.182,de350869b8c85de67a350c8d186f11e6,2,943
1104,192.168.199.194,de350869b8c85de67a350c8d186f11e6,12,943
1106,192.168.199.210,de350869b8c85de67a350c8d186f11e6,2,943
1110,192.168.199.51,de350869b8c85de67a350c8d186f11e6,2,943
1112,192.168.2.106,de350869b8c85de67a350c8d186f11e6,2,943
1114,192.168.2.122,de350869b8c85de67a350c8d186f11e6,2,943
1116,192.168.2.147,de350869b8c85de67a350c8d186f11e6,2,943
1118,192.168.2.33,de350869b8c85de67a350c8d186f11e6,12,943
1120,192.168.2.43,de350869b8c85de67a350c8d186f11e6,2,943
1122,192.168.2.58,de350869b8c85de67a350c8d186f11e6,2,943
1124,192.168.20.146,de350869b8c85de67a350c8d186f11e6,2,943
1126,192.168.20.19,de350869b8c85de67a350c8d186f11e6,2,943
1128,192.168.20.206,de350869b8c85de67a350c8d186f11e6,2,943
1132,192.168.20.6,de350869b8c85de67a350c8d186f11e6,12,943
1134,192.168.20.7,de350869b8c85de67a350c8d186f11e6,2,943
1138,192.168.200.16,de350869b8c85de67a350c8d186f11e6,2,943
1140,192.168.200.164,de350869b8c85de67a350c8d186f11e6,12,943
1142,192.168.200.77,de350869b8c85de67a350c8d186f11e6,2,943
1144,192.168.201.11,de350869b8c85de67a350c8d186f11e6,2,943
1146,192.168.201.209,de350869b8c85de67a350c8d186f11e6,12,943
1150,192.168.201.4,de350869b8c85de67a350c8d186f11e6,12,943
1154,192.168.201.5,de350869b8c85de67a350c8d186f11e6,1,943
1160,192.168.202.98,de350869b8c85de67a350c8d186f11e6,2,943
1162,192.168.203.140,de350869b8c85de67a350c8d186f11e6,1,943
1164,192.168.203.225,de350869b8c85de67a350c8d186f11e6,2,943
1166,192.168.204.144,de350869b8c85de67a350c8d186f11e6,1,943
1168,192.168.204.164,de350869b8c85de67a350c8d186f11e6,10,943
1170,192.168.205.103,de350869b8c85de67a350c8d186f11e6,2,943
1172,192.168.205.125,de350869b8c85de67a350c8d186f11e6,10,943
1174,192.168.205.128,de350869b8c85de67a350c8d186f11e6,12,943
1180,192.168.205.236,de350869b8c85de67a350c8d186f11e6,4,943
1186,192.168.206.140,de350869b8c85de67a350c8d186f11e6,5,943
1192,192.168.206.252,de350869b8c85de67a350c8d186f11e6,1,943
1198,192.168.207.122,de350869b8c85de67a350c8d186f11e6,10,943
1200,192.168.207.134,de350869b8c85de67a350c8d186f11e6,2,943
1202,192.168.207.201,de350869b8c85de67a350c8d186f11e6,10,943
1204,192.168.207.225,de350869b8c85de67a350c8d186f11e6,2,943
1206,192.168.207.31,de350869b8c85de67a350c8d186f11e6,2,943
1208,192.168.207.4,de350869b8c85de67a350c8d186f11e6,12,943
1212,192.168.208.157,de350869b8c85de67a350c8d186f11e6,8,943
1214,192.168.208.178,de350869b8c85de67a350c8d186f11e6,2,943
1218,192.168.208.48,de350869b8c85de67a350c8d186f11e6,12,943
1226,192.168.209.171,de350869b8c85de67a350c8d186f11e6,12,943
1228,192.168.209.240,de350869b8c85de67a350c8d186f11e6,4,943
1232,192.168.209.39,de350869b8c85de67a350c8d186f11e6,12,943
1234,192.168.21.144,de350869b8c85de67a350c8d186f11e6,2,943
1236,192.168.21.160,de350869b8c85de67a350c8d186f11e6,12,943
1238,192.168.210.161,de350869b8c85de67a350c8d186f11e6,1,943
1240,192.168.210.226,de350869b8c85de67a350c8d186f11e6,12,943
1244,192.168.210.83,de350869b8c85de67a350c8d186f11e6,12,943
1246,192.168.210.89,de350869b8c85de67a350c8d186f11e6,8,943
1248,192.168.211.198,de350869b8c85de67a350c8d186f11e6,1,943
1250,192.168.211.88,de350869b8c85de67a350c8d186f11e6,12,943
1252,192.168.212.13,de350869b8c85de67a350c8d186f11e6,9,943
1254,192.168.212.177,de350869b8c85de67a350c8d186f11e6,8,943
1260,192.168.212.80,de350869b8c85de67a350c8d186f11e6,2,943
1262,192.168.212.89,de350869b8c85de67a350c8d186f11e6,9,943
1264,192.168.213.132,de350869b8c85de67a350c8d186f11e6,6,943
1268,192.168.214.151,de350869b8c85de67a350c8d186f11e6,2,943
1272,192.168.214.60,de350869b8c85de67a350c8d186f11e6,12,943
1274,192.168.215.107,de350869b8c85de67a350c8d186f11e6,8,943
1276,192.168.215.122,de350869b8c85de67a350c8d186f11e6,2,943
1280,192.168.216.165,de350869b8c85de67a350c8d186f11e6,2,943
1286,192.168.216.185,de350869b8c85de67a350c8d186f11e6,8,943
1288,192.168.216.41,de350869b8c85de67a350c8d186f11e6,1,943
1290,192.168.216.8,de350869b8c85de67a350c8d186f11e6,9,943
1294,192.168.217.165,de350869b8c85de67a350c8d186f11e6,2,943
1296,192.168.217.181,de350869b8c85de67a350c8d186f11e6,2,943
1298,192.168.217.33,de350869b8c85de67a350c8d186f11e6,8,943
1300,192.168.217.56,de350869b8c85de67a350c8d186f11e6,3,943
1302,192.168.218.130,de350869b8c85de67a350c8d186f11e6,3,943
1304,192.168.218.150,de350869b8c85de67a350c8d186f11e6,12,943
1306,192.168.218.163,de350869b8c85de67a350c8d186f11e6,12,943
1308,192.168.218.215,de350869b8c85de67a350c8d186f11e6,8,943
1312,192.168.218.64,de350869b8c85de67a350c8d186f11e6,2,943
1314,192.168.219.11,de350869b8c85de67a350c8d186f11e6,8,943
1316,192.168.219.196,de350869b8c85de67a350c8d186f11e6,2,943
1318,192.168.22.156,de350869b8c85de67a350c8d186f11e6,2,943
1320,192.168.22.179,de350869b8c85de67a350c8d186f11e6,12,943
1322,192.168.22.211,de350869b8c85de67a350c8d186f11e6,8,943
1324,192.168.22.22,de350869b8c85de67a350c8d186f11e6,4,943
1328,192.168.22.244,de350869b8c85de67a350c8d186f11e6,8,943
1332,192.168.22.74,de350869b8c85de67a350c8d186f11e6,8,943
1334,192.168.22.75,de350869b8c85de67a350c8d186f11e6,8,943
1336,192.168.220.172,de350869b8c85de67a350c8d186f11e6,8,943
1340,192.168.220.192,de350869b8c85de67a350c8d186f11e6,2,943
1342,192.168.220.202,de350869b8c85de67a350c8d186f11e6,2,943
1344,192.168.220.215,de350869b8c85de67a350c8d186f11e6,2,943
1348,192.168.220.82,de350869b8c85de67a350c8d186f11e6,2,943
1352,192.168.221.229,de350869b8c85de67a350c8d186f11e6,3,943
1354,192.168.221.245,de350869b8c85de67a350c8d186f11e6,2,943
1358,192.168.222.179,de350869b8c85de67a350c8d186f11e6,2,943
1362,192.168.222.253,de350869b8c85de67a350c8d186f11e6,8,943
1364,192.168.223.10,de350869b8c85de67a350c8d186f11e6,2,943
1368,192.168.223.133,de350869b8c85de67a350c8d186f11e6,4,943
1370,192.168.223.136,de350869b8c85de67a350c8d186f11e6,12,943
1372,192.168.223.17,de350869b8c85de67a350c8d186f11e6,8,943
1374,192.168.223.172,de350869b8c85de67a350c8d186f11e6,2,943
1376,192.168.223.202,de350869b8c85de67a350c8d186f11e6,2,943
1378,192.168.223.220,de350869b8c85de67a350c8d186f11e6,2,943
1380,192.168.223.250,de350869b8c85de67a350c8d186f11e6,4,943
1382,192.168.223.252,de350869b8c85de67a350c8d186f11e6,2,943
1386,192.168.223.81,de350869b8c85de67a350c8d186f11e6,2,943
1388,192.168.224.167,de350869b8c85de67a350c8d186f11e6,12,943
1390,192.168.224.241,de350869b8c85de67a350c8d186f11e6,4,943
1392,192.168.224.245,de350869b8c85de67a350c8d186f11e6,2,943
1394,192.168.224.79,de350869b8c85de67a350c8d186f11e6,2,943
1396,192.168.224.8,de350869b8c85de67a350c8d186f11e6,8,943
1400,192.168.225.171,de350869b8c85de67a350c8d186f11e6,8,943
1402,192.168.225.231,de350869b8c85de67a350c8d186f11e6,1,943
1406,192.168.226.177,de350869b8c85de67a350c8d186f11e6,2,943
1408,192.168.226.21,de350869b8c85de67a350c8d186f11e6,8,943
1410,192.168.226.65,de350869b8c85de67a350c8d186f11e6,9,943
1412,192.168.226.82,de350869b8c85de67a350c8d186f11e6,2,943
1416,192.168.227.174,de350869b8c85de67a350c8d186f11e6,2,943
1424,192.168.227.91,de350869b8c85de67a350c8d186f11e6,9,943
1426,192.168.228.146,de350869b8c85de67a350c8d186f11e6,34,943
1428,192.168.228.164,de350869b8c85de67a350c8d186f11e6,8,943
1430,192.168.228.227,de350869b8c85de67a350c8d186f11e6,2,943
1432,192.168.228.92,de350869b8c85de67a350c8d186f11e6,1,943
1434,192.168.229.42,de350869b8c85de67a350c8d186f11e6,9,943
1436,192.168.23.133,de350869b8c85de67a350c8d186f11e6,2,943
1438,192.168.23.171,de350869b8c85de67a350c8d186f11e6,2,943
1440,192.168.23.185,de350869b8c85de67a350c8d186f11e6,2,943
1442,192.168.23.205,de350869b8c85de67a350c8d186f11e6,1,943
1444,192.168.23.234,de350869b8c85de67a350c8d186f11e6,2,943
1448,192.168.23.25,de350869b8c85de67a350c8d186f11e6,1,943
1450,192.168.23.58,de350869b8c85de67a350c8d186f11e6,9,943
1454,192.168.23.93,de350869b8c85de67a350c8d186f11e6,9,943
1456,192.168.230.112,de350869b8c85de67a350c8d186f11e6,10,943
1458,192.168.230.29,de350869b8c85de67a350c8d186f11e6,2,943
1460,192.168.231.121,de350869b8c85de67a350c8d186f11e6,4,943
1462,192.168.231.141,de350869b8c85de67a350c8d186f11e6,8,943
1464,192.168.231.180,de350869b8c85de67a350c8d186f11e6,2,943
1466,192.168.231.24,de350869b8c85de67a350c8d186f11e6,12,943
1472,192.168.231.96,de350869b8c85de67a350c8d186f11e6,8,943
1474,192.168.232.100,de350869b8c85de67a350c8d186f11e6,1,943
1476,192.168.232.195,de350869b8c85de67a350c8d186f11e6,2,943
1478,192.168.232.244,de350869b8c85de67a350c8d186f11e6,12,943
1480,192.168.232.62,de350869b8c85de67a350c8d186f11e6,2,943
1484,192.168.233.100,de350869b8c85de67a350c8d186f11e6,2,943
1486,192.168.233.11,de350869b8c85de67a350c8d186f11e6,8,943
1488,192.168.233.147,de350869b8c85de67a350c8d186f11e6,2,943
1490,192.168.233.172,de350869b8c85de67a350c8d186f11e6,2,943
1492,192.168.233.190,de350869b8c85de67a350c8d186f11e6,3,943
1494,192.168.233.57,de350869b8c85de67a350c8d186f11e6,1,943
1496,192.168.234.157,de350869b8c85de67a350c8d186f11e6,12,943
1498,192.168.234.230,de350869b8c85de67a350c8d186f11e6,9,943
1504,192.168.234.86,de350869b8c85de67a350c8d186f11e6,2,943
1506,192.168.234.95,de350869b8c85de67a350c8d186f11e6,1,943
1510,192.168.235.45,de350869b8c85de67a350c8d186f11e6,3,943
1516,192.168.237.0,de350869b8c85de67a350c8d186f11e6,2,943
1519,192.168.237.144,de350869b8c85de67a350c8d186f11e6,1,943
1521,192.168.237.74,de350869b8c85de67a350c8d186f11e6,8,943
1525,192.168.238.188,de350869b8c85de67a350c8d186f11e6,1,943
1527,192.168.238.201,de350869b8c85de67a350c8d186f11e6,3,943
1529,192.168.239.104,de350869b8c85de67a350c8d186f11e6,15,943
1531,192.168.239.111,de350869b8c85de67a350c8d186f11e6,2,943
1533,192.168.239.37,de350869b8c85de67a350c8d186f11e6,2,943
1535,192.168.239.54,de350869b8c85de67a350c8d186f11e6,9,943
1537,192.168.24.151,de350869b8c85de67a350c8d186f11e6,8,943
1539,192.168.24.208,de350869b8c85de67a350c8d186f11e6,12,943
1541,192.168.24.221,de350869b8c85de67a350c8d186f11e6,9,943
1543,192.168.24.247,de350869b8c85de67a350c8d186f11e6,12,943
1545,192.168.24.47,de350869b8c85de67a350c8d186f11e6,8,943
1547,192.168.24.63,de350869b8c85de67a350c8d186f11e6,2,943
1551,192.168.240.111,de350869b8c85de67a350c8d186f11e6,5,943
1555,192.168.240.192,de350869b8c85de67a350c8d186f11e6,8,943
1557,192.168.240.206,de350869b8c85de67a350c8d186f11e6,2,943
1561,192.168.241.163,de350869b8c85de67a350c8d186f11e6,8,943
1563,192.168.241.72,de350869b8c85de67a350c8d186f11e6,2,943
1565,192.168.241.89,de350869b8c85de67a350c8d186f11e6,12,943
1567,192.168.242.108,de350869b8c85de67a350c8d186f11e6,6,943
1569,192.168.242.150,de350869b8c85de67a350c8d186f11e6,3,943
1571,192.168.242.175,de350869b8c85de67a350c8d186f11e6,2,943
1573,192.168.242.51,de350869b8c85de67a350c8d186f11e6,8,943
1577,192.168.242.79,de350869b8c85de67a350c8d186f11e6,7,943
1579,192.168.242.89,de350869b8c85de67a350c8d186f11e6,1,943
1585,192.168.243.126,de350869b8c85de67a350c8d186f11e6,9,943
1587,192.168.243.13,de350869b8c85de67a350c8d186f11e6,2,943
1589,192.168.243.130,de350869b8c85de67a350c8d186f11e6,13,943
1593,192.168.243.245,de350869b8c85de67a350c8d186f11e6,2,943
1595,192.168.243.7,de350869b8c85de67a350c8d186f11e6,7,943
1597,192.168.243.93,de350869b8c85de67a350c8d186f11e6,12,943
1599,192.168.244.152,de350869b8c85de67a350c8d186f11e6,2,943
1607,192.168.244.41,de350869b8c85de67a350c8d186f11e6,2,943
1609,192.168.244.9,de350869b8c85de67a350c8d186f11e6,8,943
1617,192.168.245.190,de350869b8c85de67a350c8d186f11e6,2,943
1619,192.168.245.229,de350869b8c85de67a350c8d186f11e6,8,943
1622,192.168.245.50,de350869b8c85de67a350c8d186f11e6,2,943
1624,192.168.245.79,de350869b8c85de67a350c8d186f11e6,8,943
1626,192.168.246.145,de350869b8c85de67a350c8d186f11e6,8,943
1628,192.168.246.231,de350869b8c85de67a350c8d186f11e6,1,943
1630,192.168.246.245,de350869b8c85de67a350c8d186f11e6,12,943
1634,192.168.247.13,de350869b8c85de67a350c8d186f11e6,12,943
1636,192.168.247.140,de350869b8c85de67a350c8d186f11e6,12,943
1638,192.168.247.156,de350869b8c85de67a350c8d186f11e6,8,943
1640,192.168.247.199,de350869b8c85de67a350c8d186f11e6,9,943
1644,192.168.247.32,de350869b8c85de67a350c8d186f11e6,12,943
1646,192.168.248.124,de350869b8c85de67a350c8d186f11e6,2,943
1648,192.168.248.213,de350869b8c85de67a350c8d186f11e6,12,943
1650,192.168.248.56,de350869b8c85de67a350c8d186f11e6,4,943
1654,192.168.249.121,de350869b8c85de67a350c8d186f11e6,12,943
1656,192.168.249.131,de350869b8c85de67a350c8d186f11e6,2,943
1658,192.168.249.4,de350869b8c85de67a350c8d186f11e6,12,943
1660,192.168.249.92,de350869b8c85de67a350c8d186f11e6,12,943
1664,192.168.25.116,de350869b8c85de67a350c8d186f11e6,8,943
1672,192.168.250.175,de350869b8c85de67a350c8d186f11e6,1,943
1674,192.168.250.50,de350869b8c85de67a350c8d186f11e6,12,943
1678,192.168.251.213,de350869b8c85de67a350c8d186f11e6,2,943
1680,192.168.251.33,de350869b8c85de67a350c8d186f11e6,2,943
1682,192.168.252.10,de350869b8c85de67a350c8d186f11e6,2,943
1684,192.168.252.146,de350869b8c85de67a350c8d186f11e6,9,943
1686,192.168.252.227,de350869b8c85de67a350c8d186f11e6,2,943
1690,192.168.252.5,de350869b8c85de67a350c8d186f11e6,2,943
1694,192.168.253.134,de350869b8c85de67a350c8d186f11e6,9,943
1696,192.168.253.170,de350869b8c85de67a350c8d186f11e6,9,943
1698,192.168.253.193,de350869b8c85de67a350c8d186f11e6,12,943
1702,192.168.253.217,de350869b8c85de67a350c8d186f11e6,1,943
1708,192.168.254.125,de350869b8c85de67a350c8d186f11e6,1,943
1710,192.168.254.236,de350869b8c85de67a350c8d186f11e6,7,943
1718,192.168.255.69,de350869b8c85de67a350c8d186f11e6,8,943
1720,192.168.26.112,de350869b8c85de67a350c8d186f11e6,2,943
1722,192.168.26.132,de350869b8c85de67a350c8d186f11e6,2,943
1724,192.168.26.189,de350869b8c85de67a350c8d186f11e6,13,943
1726,192.168.26.202,de350869b8c85de67a350c8d186f11e6,1,943
1730,192.168.26.72,de350869b8c85de67a350c8d186f11e6,2,943
1736,192.168.27.197,de350869b8c85de67a350c8d186f11e6,1,943
1740,192.168.27.223,de350869b8c85de67a350c8d186f11e6,3,943
1744,192.168.27.51,de350869b8c85de67a350c8d186f11e6,9,943
1746,192.168.28.137,de350869b8c85de67a350c8d186f11e6,2,943
1748,192.168.28.157,de350869b8c85de67a350c8d186f11e6,2,943
1750,192.168.28.170,de350869b8c85de67a350c8d186f11e6,2,943
1754,192.168.28.217,de350869b8c85de67a350c8d186f11e6,19,943
1756,192.168.28.249,de350869b8c85de67a350c8d186f11e6,3,943
1758,192.168.29.189,de350869b8c85de67a350c8d186f11e6,8,943
1760,192.168.29.48,de350869b8c85de67a350c8d186f11e6,12,943
1762,192.168.29.90,de350869b8c85de67a350c8d186f11e6,10,943
1764,192.168.3.121,de350869b8c85de67a350c8d186f11e6,12,943
1766,192.168.3.152,de350869b8c85de67a350c8d186f11e6,1,943
1768,192.168.3.218,de350869b8c85de67a350c8d186f11e6,2,943
1770,192.168.3.28,de350869b8c85de67a350c8d186f11e6,1,943
1772,192.168.30.170,de350869b8c85de67a350c8d186f11e6,9,943
1774,192.168.30.231,de350869b8c85de67a350c8d186f11e6,12,943
1776,192.168.30.85,de350869b8c85de67a350c8d186f11e6,8,943
1778,192.168.31.183,de350869b8c85de67a350c8d186f11e6,12,943
1784,192.168.31.66,de350869b8c85de67a350c8d186f11e6,12,943
1787,192.168.31.79,de350869b8c85de67a350c8d186f11e6,11,943
1789,192.168.31.88,de350869b8c85de67a350c8d186f11e6,2,943
1791,192.168.31.97,de350869b8c85de67a350c8d186f11e6,12,943
1793,192.168.32.186,de350869b8c85de67a350c8d186f11e6,12,943
1795,192.168.32.215,de350869b8c85de67a350c8d186f11e6,4,943
1797,192.168.32.55,de350869b8c85de67a350c8d186f11e6,8,943
1799,192.168.32.61,de350869b8c85de67a350c8d186f11e6,11,943
1801,192.168.32.62,de350869b8c85de67a350c8d186f11e6,3,943
1805,192.168.33.204,de350869b8c85de67a350c8d186f11e6,12,943
1807,192.168.33.21,de350869b8c85de67a350c8d186f11e6,2,943
1809,192.168.33.74,de350869b8c85de67a350c8d186f11e6,2,943
1813,192.168.34.171,de350869b8c85de67a350c8d186f11e6,12,943
1817,192.168.34.64,de350869b8c85de67a350c8d186f11e6,1,943
1821,192.168.35.191,de350869b8c85de67a350c8d186f11e6,8,943
1823,192.168.35.255,de350869b8c85de67a350c8d186f11e6,8,943
1831,192.168.36.207,de350869b8c85de67a350c8d186f11e6,2,943
1833,192.168.36.217,de350869b8c85de67a350c8d186f11e6,9,943
1837,192.168.37.18,de350869b8c85de67a350c8d186f11e6,8,943
1839,192.168.37.187,de350869b8c85de67a350c8d186f11e6,2,943
1841,192.168.37.189,de350869b8c85de67a350c8d186f11e6,2,943
1843,192.168.37.191,de350869b8c85de67a350c8d186f11e6,2,943
1845,192.168.37.227,de350869b8c85de67a350c8d186f11e6,6,943
1847,192.168.37.29,de350869b8c85de67a350c8d186f11e6,10,943
1849,192.168.37.58,de350869b8c85de67a350c8d186f11e6,12,943
1851,192.168.37.80,de350869b8c85de67a350c8d186f11e6,9,943
1853,192.168.38.196,de350869b8c85de67a350c8d186f11e6,2,943
1855,192.168.38.96,de350869b8c85de67a350c8d186f11e6,2,943
1857,192.168.39.10,de350869b8c85de67a350c8d186f11e6,2,943
1861,192.168.39.123,de350869b8c85de67a350c8d186f11e6,1,943
1863,192.168.39.155,de350869b8c85de67a350c8d186f11e6,8,943
1865,192.168.39.16,de350869b8c85de67a350c8d186f11e6,6,943
1871,192.168.39.184,de350869b8c85de67a350c8d186f11e6,1,943
1873,192.168.39.206,de350869b8c85de67a350c8d186f11e6,2,943
1877,192.168.39.252,de350869b8c85de67a350c8d186f11e6,3,943
1879,192.168.39.4,de350869b8c85de67a350c8d186f11e6,2,943
1881,192.168.39.7,de350869b8c85de67a350c8d186f11e6,1,943
1883,192.168.4.183,de350869b8c85de67a350c8d186f11e6,2,943
1885,192.168.4.193,de350869b8c85de67a350c8d186f11e6,3,943
1887,192.168.4.198,de350869b8c85de67a350c8d186f11e6,8,943
1889,192.168.4.208,de350869b8c85de67a350c8d186f11e6,1,943
1891,192.168.4.224,de350869b8c85de67a350c8d186f11e6,12,943
1893,192.168.4.38,de350869b8c85de67a350c8d186f11e6,2,943
1897,192.168.4.97,de350869b8c85de67a350c8d186f11e6,7,943
1899,192.168.40.122,de350869b8c85de67a350c8d186f11e6,2,943
1901,192.168.40.134,de350869b8c85de67a350c8d186f11e6,12,943
1903,192.168.40.22,de350869b8c85de67a350c8d186f11e6,8,943
1905,192.168.41.56,de350869b8c85de67a350c8d186f11e6,4,943
1907,192.168.42.120,de350869b8c85de67a350c8d186f11e6,9,943
1909,192.168.42.144,de350869b8c85de67a350c8d186f11e6,8,943
1915,192.168.42.250,de350869b8c85de67a350c8d186f11e6,8,943
1917,192.168.42.30,de350869b8c85de67a350c8d186f11e6,9,943
1919,192.168.42.33,de350869b8c85de67a350c8d186f11e6,12,943
1921,192.168.42.74,de350869b8c85de67a350c8d186f11e6,1,943
1923,192.168.42.83,de350869b8c85de67a350c8d186f11e6,2,943
1927,192.168.43.74,de350869b8c85de67a350c8d186f11e6,12,943
1929,192.168.44.154,de350869b8c85de67a350c8d186f11e6,8,943
1931,192.168.44.157,de350869b8c85de67a350c8d186f11e6,12,943
1933,192.168.44.168,de350869b8c85de67a350c8d186f11e6,8,943
1935,192.168.44.238,de350869b8c85de67a350c8d186f11e6,2,943
1941,192.168.45.128,de350869b8c85de67a350c8d186f11e6,1,943
1943,192.168.45.18,de350869b8c85de67a350c8d186f11e6,12,943
1949,192.168.45.91,de350869b8c85de67a350c8d186f11e6,8,943
1951,192.168.46.200,de350869b8c85de67a350c8d186f11e6,12,943
1955,192.168.46.34,de350869b8c85de67a350c8d186f11e6,2,943
1957,192.168.46.6,de350869b8c85de67a350c8d186f11e6,12,943
1959,192.168.46.60,de350869b8c85de67a350c8d186f11e6,8,943
1961,192.168.46.84,de350869b8c85de67a350c8d186f11e6,2,943
1963,192.168.47.150,de350869b8c85de67a350c8d186f11e6,9,943
1965,192.168.47.55,de350869b8c85de67a350c8d186f11e6,2,943
1967,192.168.48.114,de350869b8c85de67a350c8d186f11e6,8,943
1969,192.168.48.2,de350869b8c85de67a350c8d186f11e6,2,943
1971,192.168.48.206,de350869b8c85de67a350c8d186f11e6,2,943
1973,192.168.48.221,de350869b8c85de67a350c8d186f11e6,2,943
1975,192.168.49.125,de350869b8c85de67a350c8d186f11e6,8,943
1977,192.168.49.183,de350869b8c85de67a350c8d186f11e6,7,943
1981,192.168.49.201,de350869b8c85de67a350c8d186f11e6,12,943
1983,192.168.49.228,de350869b8c85de67a350c8d186f11e6,2,943
1985,192.168.49.229,de350869b8c85de67a350c8d186f11e6,9,943
1987,192.168.49.29,de350869b8c85de67a350c8d186f11e6,2,943
1989,192.168.49.61,de350869b8c85de67a350c8d186f11e6,2,943
1991,192.168.5.204,de350869b8c85de67a350c8d186f11e6,8,943
1993,192.168.5.42,de350869b8c85de67a350c8d186f11e6,2,943
1999,192.168.50.227,de350869b8c85de67a350c8d186f11e6,12,943
2005,192.168.51.137,de350869b8c85de67a350c8d186f11e6,2,943
2007,192.168.51.176,de350869b8c85de67a350c8d186f11e6,6,943
2013,192.168.51.36,de350869b8c85de67a350c8d186f11e6,1,943
2015,192.168.51.53,de350869b8c85de67a350c8d186f11e6,9,943
2017,192.168.52.218,de350869b8c85de67a350c8d186f11e6,12,943
2021,192.168.53.185,de350869b8c85de67a350c8d186f11e6,8,943
2023,192.168.53.216,de350869b8c85de67a350c8d186f11e6,12,943
2025,192.168.53.255,de350869b8c85de67a350c8d186f11e6,1,943
2027,192.168.53.61,de350869b8c85de67a350c8d186f11e6,6,943
2029,192.168.54.23,de350869b8c85de67a350c8d186f11e6,12,943
2033,192.168.54.243,de350869b8c85de67a350c8d186f11e6,8,943
2035,192.168.54.93,de350869b8c85de67a350c8d186f11e6,8,943
2037,192.168.55.12,de350869b8c85de67a350c8d186f11e6,2,943
2039,192.168.55.128,de350869b8c85de67a350c8d186f11e6,9,943
2041,192.168.55.133,de350869b8c85de67a350c8d186f11e6,2,943
2043,192.168.55.174,de350869b8c85de67a350c8d186f11e6,11,943
2045,192.168.55.195,de350869b8c85de67a350c8d186f11e6,9,943
2047,192.168.55.6,de350869b8c85de67a350c8d186f11e6,2,943
2049,192.168.56.29,de350869b8c85de67a350c8d186f11e6,1,943
2051,192.168.56.4,de350869b8c85de67a350c8d186f11e6,8,943
2053,192.168.56.8,de350869b8c85de67a350c8d186f11e6,9,943
2057,192.168.57.171,de350869b8c85de67a350c8d186f11e6,1,943
2059,192.168.57.226,de350869b8c85de67a350c8d186f11e6,14,943
2061,192.168.57.31,de350869b8c85de67a350c8d186f11e6,1,943
2063,192.168.57.71,de350869b8c85de67a350c8d186f11e6,2,943
2065,192.168.57.81,de350869b8c85de67a350c8d186f11e6,4,943
2067,192.168.58.228,de350869b8c85de67a350c8d186f11e6,9,943
2069,192.168.58.35,de350869b8c85de67a350c8d186f11e6,12,943
2077,192.168.59.33,de350869b8c85de67a350c8d186f11e6,2,943
2079,192.168.59.88,de350869b8c85de67a350c8d186f11e6,2,943
2083,192.168.6.137,de350869b8c85de67a350c8d186f11e6,8,943
2087,192.168.6.215,de350869b8c85de67a350c8d186f11e6,12,943
2091,192.168.6.61,de350869b8c85de67a350c8d186f11e6,2,943
2093,192.168.6.86,de350869b8c85de67a350c8d186f11e6,7,943
2095,192.168.60.114,de350869b8c85de67a350c8d186f11e6,12,943
2097,192.168.60.125,de350869b8c85de67a350c8d186f11e6,12,943
2099,192.168.60.162,de350869b8c85de67a350c8d186f11e6,8,943
2101,192.168.60.218,de350869b8c85de67a350c8d186f11e6,2,943
2105,192.168.60.66,de350869b8c85de67a350c8d186f11e6,1,943
2107,192.168.61.102,de350869b8c85de67a350c8d186f11e6,12,943
2111,192.168.61.135,de350869b8c85de67a350c8d186f11e6,2,943
2113,192.168.62.15,de350869b8c85de67a350c8d186f11e6,8,943
2115,192.168.62.188,de350869b8c85de67a350c8d186f11e6,16,943
2117,192.168.62.197,de350869b8c85de67a350c8d186f11e6,8,943
2121,192.168.62.77,de350869b8c85de67a350c8d186f11e6,12,943
2123,192.168.63.107,de350869b8c85de67a350c8d186f11e6,2,943
2125,192.168.63.58,de350869b8c85de67a350c8d186f11e6,2,943
2127,192.168.64.11,de350869b8c85de67a350c8d186f11e6,1,943
2131,192.168.64.135,de350869b8c85de67a350c8d186f11e6,9,943
2133,192.168.64.152,de350869b8c85de67a350c8d186f11e6,2,943
2135,192.168.65.0,de350869b8c85de67a350c8d186f11e6,1,943
2137,192.168.65.189,de350869b8c85de67a350c8d186f11e6,2,943
2139,192.168.65.214,de350869b8c85de67a350c8d186f11e6,2,943
2141,192.168.65.26,de350869b8c85de67a350c8d186f11e6,2,943
2145,192.168.65.86,de350869b8c85de67a350c8d186f11e6,12,943
2150,192.168.66.102,de350869b8c85de67a350c8d186f11e6,1,943
2152,192.168.66.105,de350869b8c85de67a350c8d186f11e6,8,943
2154,192.168.66.150,de350869b8c85de67a350c8d186f11e6,9,943
2156,192.168.66.67,de350869b8c85de67a350c8d186f11e6,2,943
2158,192.168.66.73,de350869b8c85de67a350c8d186f11e6,8,943
2160,192.168.67.131,de350869b8c85de67a350c8d186f11e6,1,943
2162,192.168.67.147,de350869b8c85de67a350c8d186f11e6,2,943
2164,192.168.67.149,de350869b8c85de67a350c8d186f11e6,2,943
2166,192.168.67.212,de350869b8c85de67a350c8d186f11e6,12,943
2168,192.168.67.56,de350869b8c85de67a350c8d186f11e6,3,943
2170,192.168.67.83,de350869b8c85de67a350c8d186f11e6,8,943
2174,192.168.68.119,de350869b8c85de67a350c8d186f11e6,2,943
2176,192.168.68.251,de350869b8c85de67a350c8d186f11e6,12,943
2178,192.168.68.31,de350869b8c85de67a350c8d186f11e6,2,943
2180,192.168.68.47,de350869b8c85de67a350c8d186f11e6,12,943
2187,192.168.69.61,de350869b8c85de67a350c8d186f11e6,1,943
2189,192.168.69.73,de350869b8c85de67a350c8d186f11e6,2,943
2195,192.168.7.111,de350869b8c85de67a350c8d186f11e6,2,943
2197,192.168.7.13,de350869b8c85de67a350c8d186f11e6,2,943
2201,192.168.7.205,de350869b8c85de67a350c8d186f11e6,2,943
2203,192.168.7.21,de350869b8c85de67a350c8d186f11e6,2,943
2205,192.168.7.212,de350869b8c85de67a350c8d186f11e6,8,943
2207,192.168.7.88,de350869b8c85de67a350c8d186f11e6,12,943
2209,192.168.70.159,de350869b8c85de67a350c8d186f11e6,6,943
2213,192.168.70.54,de350869b8c85de67a350c8d186f11e6,2,943
2215,192.168.71.131,de350869b8c85de67a350c8d186f11e6,1,943
2217,192.168.71.146,de350869b8c85de67a350c8d186f11e6,2,943
2219,192.168.71.149,de350869b8c85de67a350c8d186f11e6,2,943
2221,192.168.71.197,de350869b8c85de67a350c8d186f11e6,12,943
2225,192.168.71.72,de350869b8c85de67a350c8d186f11e6,12,943
2227,192.168.72.132,de350869b8c85de67a350c8d186f11e6,12,943
2229,192.168.72.16,de350869b8c85de67a350c8d186f11e6,2,943
2231,192.168.72.17,de350869b8c85de67a350c8d186f11e6,9,943
2233,192.168.72.230,de350869b8c85de67a350c8d186f11e6,8,943
2235,192.168.72.38,de350869b8c85de67a350c8d186f11e6,2,943
2237,192.168.72.67,de350869b8c85de67a350c8d186f11e6,2,943
2239,192.168.73.220,de350869b8c85de67a350c8d186f11e6,2,943
2241,192.168.73.233,de350869b8c85de67a350c8d186f11e6,12,943
2243,192.168.73.242,de350869b8c85de67a350c8d186f11e6,1,943
2245,192.168.74.145,de350869b8c85de67a350c8d186f11e6,5,943
2251,192.168.74.246,de350869b8c85de67a350c8d186f11e6,4,943
2257,192.168.74.97,de350869b8c85de67a350c8d186f11e6,8,943
2259,192.168.75.1,de350869b8c85de67a350c8d186f11e6,2,943
2261,192.168.75.140,de350869b8c85de67a350c8d186f11e6,8,943
2264,192.168.75.142,de350869b8c85de67a350c8d186f11e6,1,943
2266,192.168.75.243,de350869b8c85de67a350c8d186f11e6,8,943
2269,192.168.75.37,de350869b8c85de67a350c8d186f11e6,1,943
2271,192.168.75.62,de350869b8c85de67a350c8d186f11e6,12,943
2275,192.168.75.92,de350869b8c85de67a350c8d186f11e6,8,943
2279,192.168.76.128,de350869b8c85de67a350c8d186f11e6,1,943
2281,192.168.76.162,de350869b8c85de67a350c8d186f11e6,16,943
2283,192.168.76.21,de350869b8c85de67a350c8d186f11e6,8,943
2287,192.168.77.11,de350869b8c85de67a350c8d186f11e6,12,943
2291,192.168.77.185,de350869b8c85de67a350c8d186f11e6,1,943
2293,192.168.77.66,de350869b8c85de67a350c8d186f11e6,12,943
2295,192.168.77.80,de350869b8c85de67a350c8d186f11e6,12,943
2297,192.168.77.98,de350869b8c85de67a350c8d186f11e6,1,943
2301,192.168.78.217,de350869b8c85de67a350c8d186f11e6,2,943
2303,192.168.79.142,de350869b8c85de67a350c8d186f11e6,8,943
2305,192.168.79.196,de350869b8c85de67a350c8d186f11e6,8,943
2307,192.168.79.234,de350869b8c85de67a350c8d186f11e6,1,943
2309,192.168.79.32,de350869b8c85de67a350c8d186f11e6,12,943
2311,192.168.79.83,de350869b8c85de67a350c8d186f11e6,2,943
2313,192.168.8.108,de350869b8c85de67a350c8d186f11e6,9,943
2315,192.168.8.131,de350869b8c85de67a350c8d186f11e6,8,943
2317,192.168.8.188,de350869b8c85de67a350c8d186f11e6,8,943
2319,192.168.8.195,de350869b8c85de67a350c8d186f11e6,8,943
2321,192.168.8.197,de350869b8c85de67a350c8d186f11e6,7,943
2323,192.168.8.244,de350869b8c85de67a350c8d186f11e6,8,943
2325,192.168.8.32,de350869b8c85de67a350c8d186f11e6,8,943
2327,192.168.8.66,de350869b8c85de67a350c8d186f11e6,12,943
2329,192.168.8.87,de350869b8c85de67a350c8d186f11e6,2,943
2333,192.168.80.182,de350869b8c85de67a350c8d186f11e6,2,943
2335,192.168.80.3,de350869b8c85de67a350c8d186f11e6,12,943
2337,192.168.81.124,de350869b8c85de67a350c8d186f11e6,8,943
2339,192.168.81.15,de350869b8c85de67a350c8d186f11e6,2,943
2341,192.168.81.154,de350869b8c85de67a350c8d186f11e6,9,943
2343,192.168.81.159,de350869b8c85de67a350c8d186f11e6,12,943
2347,192.168.81.189,de350869b8c85de67a350c8d186f11e6,1,943
2349,192.168.82.138,de350869b8c85de67a350c8d186f11e6,2,943
2351,192.168.82.217,de350869b8c85de67a350c8d186f11e6,1,943
2353,192.168.82.75,de350869b8c85de67a350c8d186f11e6,2,943
2355,192.168.82.94,de350869b8c85de67a350c8d186f11e6,2,943
2359,192.168.83.186,de350869b8c85de67a350c8d186f11e6,19,943
2361,192.168.83.208,de350869b8c85de67a350c8d186f11e6,8,943
2363,192.168.83.253,de350869b8c85de67a350c8d186f11e6,12,943
2365,192.168.83.32,de350869b8c85de67a350c8d186f11e6,6,943
2369,192.168.83.58,de350869b8c85de67a350c8d186f11e6,2,943
2371,192.168.84.110,de350869b8c85de67a350c8d186f11e6,8,943
2373,192.168.84.70,de350869b8c85de67a350c8d186f11e6,9,943
2377,192.168.85.106,de350869b8c85de67a350c8d186f11e6,3,943
2379,192.168.85.175,de350869b8c85de67a350c8d186f11e6,2,943
2381,192.168.85.38,de350869b8c85de67a350c8d186f11e6,2,943
2383,192.168.86.115,de350869b8c85de67a350c8d186f11e6,4,943
2387,192.168.86.160,de350869b8c85de67a350c8d186f11e6,9,943
2389,192.168.86.161,de350869b8c85de67a350c8d186f11e6,4,943
2391,192.168.86.198,de350869b8c85de67a350c8d186f11e6,2,943
2395,192.168.87.153,de350869b8c85de67a350c8d186f11e6,2,943
2397,192.168.87.228,de350869b8c85de67a350c8d186f11e6,2,943
2399,192.168.87.56,de350869b8c85de67a350c8d186f11e6,2,943
2401,192.168.88.190,de350869b8c85de67a350c8d186f11e6,5,943
2403,192.168.88.195,de350869b8c85de67a350c8d186f11e6,2,943
2405,192.168.88.3,de350869b8c85de67a350c8d186f11e6,2,943
2407,192.168.89.136,de350869b8c85de67a350c8d186f11e6,8,943
2409,192.168.89.160,de350869b8c85de67a350c8d186f11e6,2,943
2411,192.168.89.162,de350869b8c85de67a350c8d186f11e6,2,943
2413,192.168.89.217,de350869b8c85de67a350c8d186f11e6,12,943
2415,192.168.89.238,de350869b8c85de67a350c8d186f11e6,8,943
2419,192.168.89.56,de350869b8c85de67a350c8d186f11e6,6,943
2425,192.168.9.209,de350869b8c85de67a350c8d186f11e6,1,943
2427,192.168.9.255,de350869b8c85de67a350c8d186f11e6,2,943
2429,192.168.9.55,de350869b8c85de67a350c8d186f11e6,8,943
2431,192.168.90.157,de350869b8c85de67a350c8d186f11e6,12,943
2433,192.168.90.246,de350869b8c85de67a350c8d186f11e6,12,943
2435,192.168.90.247,de350869b8c85de67a350c8d186f11e6,12,943
2437,192.168.90.76,de350869b8c85de67a350c8d186f11e6,12,943
2439,192.168.91.124,de350869b8c85de67a350c8d186f11e6,1,943
2443,192.168.91.177,de350869b8c85de67a350c8d186f11e6,8,943
2445,192.168.91.195,de350869b8c85de67a350c8d186f11e6,7,943
2447,192.168.92.116,de350869b8c85de67a350c8d186f11e6,8,943
2451,192.168.92.20,de350869b8c85de67a350c8d186f11e6,12,943
2453,192.168.93.27,de350869b8c85de67a350c8d186f11e6,8,943
2455,192.168.93.30,de350869b8c85de67a350c8d186f11e6,2,943
2457,192.168.93.55,de350869b8c85de67a350c8d186f11e6,10,943
2459,192.168.94.120,de350869b8c85de67a350c8d186f11e6,2,943
2461,192.168.94.123,de350869b8c85de67a350c8d186f11e6,11,943
2463,192.168.94.131,de350869b8c85de67a350c8d186f11e6,10,943
2465,192.168.94.230,de350869b8c85de67a350c8d186f11e6,2,943
2467,192.168.94.241,de350869b8c85de67a350c8d186f11e6,2,943
2469,192.168.95.102,de350869b8c85de67a350c8d186f11e6,8,943
2475,192.168.95.80,de350869b8c85de67a350c8d186f11e6,2,943
2477,192.168.96.159,de350869b8c85de67a350c8d186f11e6,2,943
2479,192.168.96.234,de350869b8c85de67a350c8d186f11e6,2,943
2481,192.168.96.45,de350869b8c85de67a350c8d186f11e6,2,943
2483,192.168.97.121,de350869b8c85de67a350c8d186f11e6,6,943
2485,192.168.97.17,de350869b8c85de67a350c8d186f11e6,1,943
2487,192.168.97.197,de350869b8c85de67a350c8d186f11e6,1,943
2491,192.168.97.97,de350869b8c85de67a350c8d186f11e6,12,943
2495,192.168.98.103,de350869b8c85de67a350c8d186f11e6,8,943
2499,192.168.98.228,de350869b8c85de67a350c8d186f11e6,4,943
2501,192.168.98.30,de350869b8c85de67a350c8d186f11e6,2,943
2503,192.168.98.42,de350869b8c85de67a350c8d186f11e6,2,943
2505,192.168.99.144,de350869b8c85de67a350c8d186f11e6,12,943
2507,192.168.99.153,de350869b8c85de67a350c8d186f11e6,4,943
2509,192.168.99.47,de350869b8c85de67a350c8d186f11e6,1,943
5,192.168.0.26,2a458dd9c65afbcf591cd8c2a194b804,2,7
242,192.168.120.0,2a458dd9c65afbcf591cd8c2a194b804,2,7
376,192.168.129.46,2a458dd9c65afbcf591cd8c2a194b804,2,7
970,192.168.188.25,2a458dd9c65afbcf591cd8c2a194b804,2,7
990,192.168.19.42,2a458dd9c65afbcf591cd8c2a194b804,1,7
1404,192.168.225.7,2a458dd9c65afbcf591cd8c2a194b804,1,7
2375,192.168.84.82,2a458dd9c65afbcf591cd8c2a194b804,1,7
7,192.168.0.37,205200cdaac61b110838556b834070d1,1,117
41,192.168.101.121,205200cdaac61b110838556b834070d1,1,117
43,192.168.101.154,205200cdaac61b110838556b834070d1,2,117
100,192.168.106.178,205200cdaac61b110838556b834070d1,1,117
110,192.168.107.253,205200cdaac61b110838556b834070d1,1,117
122,192.168.108.198,205200cdaac61b110838556b834070d1,6,117
138,192.168.109.170,205200cdaac61b110838556b834070d1,2,117
142,192.168.109.224,205200cdaac61b110838556b834070d1,1,117
212,192.168.116.62,205200cdaac61b110838556b834070d1,2,117
218,192.168.117.7,205200cdaac61b110838556b834070d1,1,117
222,192.168.119.116,205200cdaac61b110838556b834070d1,1,117
272,192.168.122.3,205200cdaac61b110838556b834070d1,2,117
324,192.168.125.64,205200cdaac61b110838556b834070d1,3,117
348,192.168.127.61,205200cdaac61b110838556b834070d1,1,117
350,192.168.128.10,205200cdaac61b110838556b834070d1,1,117
404,192.168.132.76,205200cdaac61b110838556b834070d1,2,117
432,192.168.134.89,205200cdaac61b110838556b834070d1,1,117
456,192.168.137.34,205200cdaac61b110838556b834070d1,3,117
496,192.168.140.4,205200cdaac61b110838556b834070d1,1,117
518,192.168.143.137,205200cdaac61b110838556b834070d1,1,117
534,192.168.145.86,205200cdaac61b110838556b834070d1,4,117
562,192.168.148.161,205200cdaac61b110838556b834070d1,1,117
570,192.168.148.34,205200cdaac61b110838556b834070d1,7,117
618,192.168.152.57,205200cdaac61b110838556b834070d1,1,117
624,192.168.153.37,205200cdaac61b110838556b834070d1,1,117
640,192.168.155.188,205200cdaac61b110838556b834070d1,2,117
650,192.168.156.124,205200cdaac61b110838556b834070d1,1,117
656,192.168.156.15,205200cdaac61b110838556b834070d1,6,117
658,192.168.156.157,205200cdaac61b110838556b834070d1,1,117
676,192.168.159.234,205200cdaac61b110838556b834070d1,1,117
688,192.168.16.230,205200cdaac61b110838556b834070d1,2,117
694,192.168.16.95,205200cdaac61b110838556b834070d1,1,117
696,192.168.160.129,205200cdaac61b110838556b834070d1,1,117
706,192.168.160.81,205200cdaac61b110838556b834070d1,1,117
712,192.168.161.74,205200cdaac61b110838556b834070d1,1,117
740,192.168.165.255,205200cdaac61b110838556b834070d1,1,117
771,192.168.169.44,205200cdaac61b110838556b834070d1,2,117
811,192.168.172.216,205200cdaac61b110838556b834070d1,1,117
817,192.168.173.150,205200cdaac61b110838556b834070d1,2,117
823,192.168.174.58,205200cdaac61b110838556b834070d1,2,117
840,192.168.176.69,205200cdaac61b110838556b834070d1,2,117
882,192.168.181.0,205200cdaac61b110838556b834070d1,2,117
900,192.168.182.247,205200cdaac61b110838556b834070d1,1,117
918,192.168.184.51,205200cdaac61b110838556b834070d1,1,117
920,192.168.185.107,205200cdaac61b110838556b834070d1,6,117
926,192.168.185.52,205200cdaac61b110838556b834070d1,2,117
980,192.168.189.135,205200cdaac61b110838556b834070d1,5,117
988,192.168.19.38,205200cdaac61b110838556b834070d1,1,117
1000,192.168.190.28,205200cdaac61b110838556b834070d1,2,117
1014,192.168.191.5,205200cdaac61b110838556b834070d1,1,117
1016,192.168.192.128,205200cdaac61b110838556b834070d1,2,117
1026,192.168.192.67,205200cdaac61b110838556b834070d1,3,117
1034,192.168.194.143,205200cdaac61b110838556b834070d1,1,117
1054,192.168.195.19,205200cdaac61b110838556b834070d1,1,117
1070,192.168.197.116,205200cdaac61b110838556b834070d1,1,117
1092,192.168.198.82,205200cdaac61b110838556b834070d1,1,117
1094,192.168.198.86,205200cdaac61b110838556b834070d1,1,117
1108,192.168.199.230,205200cdaac61b110838556b834070d1,1,117
1130,192.168.20.3,205200cdaac61b110838556b834070d1,1,117
1148,192.168.201.221,205200cdaac61b110838556b834070d1,1,117
1156,192.168.202.10,205200cdaac61b110838556b834070d1,1,117
1190,192.168.206.187,205200cdaac61b110838556b834070d1,2,117
1196,192.168.207.0,205200cdaac61b110838556b834070d1,2,117
1216,192.168.208.230,205200cdaac61b110838556b834070d1,1,117
1224,192.168.209.162,205200cdaac61b110838556b834070d1,2,117
1230,192.168.209.34,205200cdaac61b110838556b834070d1,3,117
1242,192.168.210.239,205200cdaac61b110838556b834070d1,1,117
1278,192.168.215.37,205200cdaac61b110838556b834070d1,1,117
1282,192.168.216.170,205200cdaac61b110838556b834070d1,2,117
1292,192.168.217.125,205200cdaac61b110838556b834070d1,1,117
1326,192.168.22.223,205200cdaac61b110838556b834070d1,11,117
1330,192.168.22.43,205200cdaac61b110838556b834070d1,1,117
1338,192.168.220.176,205200cdaac61b110838556b834070d1,1,117
1356,192.168.222.113,205200cdaac61b110838556b834070d1,2,117
1366,192.168.223.11,205200cdaac61b110838556b834070d1,2,117
1384,192.168.223.45,205200cdaac61b110838556b834070d1,1,117
1414,192.168.227.10,205200cdaac61b110838556b834070d1,7,117
1502,192.168.234.7,205200cdaac61b110838556b834070d1,1,117
1508,192.168.235.32,205200cdaac61b110838556b834070d1,2,117
1512,192.168.236.185,205200cdaac61b110838556b834070d1,1,117
1603,192.168.244.170,205200cdaac61b110838556b834070d1,2,117
1642,192.168.247.234,205200cdaac61b110838556b834070d1,1,117
1662,192.168.25.114,205200cdaac61b110838556b834070d1,1,117
1676,192.168.251.163,205200cdaac61b110838556b834070d1,4,117
1692,192.168.253.118,205200cdaac61b110838556b834070d1,1,117
1712,192.168.255.123,205200cdaac61b110838556b834070d1,1,117
1714,192.168.255.199,205200cdaac61b110838556b834070d1,2,117
1728,192.168.26.226,205200cdaac61b110838556b834070d1,1,117
1734,192.168.27.151,205200cdaac61b110838556b834070d1,4,117
1752,192.168.28.211,205200cdaac61b110838556b834070d1,6,117
1815,192.168.34.222,205200cdaac61b110838556b834070d1,4,117
1825,192.168.35.8,205200cdaac61b110838556b834070d1,1,117
1835,192.168.36.82,205200cdaac61b110838556b834070d1,1,117
1913,192.168.42.183,205200cdaac61b110838556b834070d1,2,117
1925,192.168.43.111,205200cdaac61b110838556b834070d1,1,117
1939,192.168.45.1,205200cdaac61b110838556b834070d1,5,117
1953,192.168.46.243,205200cdaac61b110838556b834070d1,1,117
1997,192.168.50.124,205200cdaac61b110838556b834070d1,3,117
2011,192.168.51.29,205200cdaac61b110838556b834070d1,2,117
2085,192.168.6.160,205200cdaac61b110838556b834070d1,1,117
2089,192.168.6.229,205200cdaac61b110838556b834070d1,1,117
2109,192.168.61.132,205200cdaac61b110838556b834070d1,2,117
2129,192.168.64.121,205200cdaac61b110838556b834070d1,8,117
2147,192.168.66.0,205200cdaac61b110838556b834070d1,2,117
2172,192.168.67.94,205200cdaac61b110838556b834070d1,5,117
2182,192.168.68.87,205200cdaac61b110838556b834070d1,4,117
2199,192.168.7.153,205200cdaac61b110838556b834070d1,2,117
2223,192.168.71.243,205200cdaac61b110838556b834070d1,2,117
2255,192.168.74.8,205200cdaac61b110838556b834070d1,3,117
2273,192.168.75.73,205200cdaac61b110838556b834070d1,9,117
2345,192.168.81.163,205200cdaac61b110838556b834070d1,5,117
2357,192.168.83.172,205200cdaac61b110838556b834070d1,1,117
2417,192.168.89.39,205200cdaac61b110838556b834070d1,2,117
2471,192.168.95.13,205200cdaac61b110838556b834070d1,1,117
2473,192.168.95.41,205200cdaac61b110838556b834070d1,11,117
2489,192.168.97.198,205200cdaac61b110838556b834070d1,7,117
2493,192.168.98.102,205200cdaac61b110838556b834070d1,9,117
27,192.168.10.166,b102b73a090f4079a02e520bc16cc6cf,1,5
178,192.168.113.41,b102b73a090f4079a02e520bc16cc6cf,1,5
1803,192.168.33.152,b102b73a090f4079a02e520bc16cc6cf,2,5
1869,192.168.39.180,b102b73a090f4079a02e520bc16cc6cf,1,5
2253,192.168.74.29,b102b73a090f4079a02e520bc16cc6cf,2,5
37,192.168.100.62,abdbdaa1b02f6e30b13c01f9f6742738,14,2
750,192.168.166.230,abdbdaa1b02f6e30b13c01f9f6742738,8,2
47,192.168.101.27,4d7a28d6f2263ed61de88ca66eb011e3,3,65
84,192.168.105.164,4d7a28d6f2263ed61de88ca66eb011e3,1,65
90,192.168.105.39,4d7a28d6f2263ed61de88ca66eb011e3,2,65
132,192.168.108.82,4d7a28d6f2263ed61de88ca66eb011e3,2,65
164,192.168.112.147,4d7a28d6f2263ed61de88ca66eb011e3,1,65
182,192.168.114.155,4d7a28d6f2263ed61de88ca66eb011e3,1,65
216,192.168.117.128,4d7a28d6f2263ed61de88ca66eb011e3,2,65
294,192.168.124.18,4d7a28d6f2263ed61de88ca66eb011e3,4,65
296,192.168.124.215,4d7a28d6f2263ed61de88ca66eb011e3,12,65
388,192.168.130.126,4d7a28d6f2263ed61de88ca66eb011e3,4,65
416,192.168.134.12,4d7a28d6f2263ed61de88ca66eb011e3,2,65
436,192.168.135.195,4d7a28d6f2263ed61de88ca66eb011e3,2,65
512,192.168.142.40,4d7a28d6f2263ed61de88ca66eb011e3,1,65
554,192.168.147.48,4d7a28d6f2263ed61de88ca66eb011e3,2,65
556,192.168.147.84,4d7a28d6f2263ed61de88ca66eb011e3,2,65
736,192.168.165.172,4d7a28d6f2263ed61de88ca66eb011e3,1,65
738,192.168.165.217,4d7a28d6f2263ed61de88ca66eb011e3,10,65
767,192.168.168.204,4d7a28d6f2263ed61de88ca66eb011e3,1,65
801,192.168.171.207,4d7a28d6f2263ed61de88ca66eb011e3,1,65
803,192.168.171.43,4d7a28d6f2263ed61de88ca66eb011e3,2,65
842,192.168.177.222,4d7a28d6f2263ed61de88ca66eb011e3,1,65
872,192.168.18.38,4d7a28d6f2263ed61de88ca66eb011e3,2,65
894,192.168.182.216,4d7a28d6f2263ed61de88ca66eb011e3,3,65
910,192.168.183.48,4d7a28d6f2263ed61de88ca66eb011e3,2,65
966,192.168.188.143,4d7a28d6f2263ed61de88ca66eb011e3,22,65
1024,192.168.192.60,4d7a28d6f2263ed61de88ca66eb011e3,1,65
1060,192.168.195.40,4d7a28d6f2263ed61de88ca66eb011e3,1,65
1152,192.168.201.40,4d7a28d6f2263ed61de88ca66eb011e3,2,65
1158,192.168.202.197,4d7a28d6f2263ed61de88ca66eb011e3,2,65
1182,192.168.205.53,4d7a28d6f2263ed61de88ca66eb011e3,1,65
1194,192.168.206.31,4d7a28d6f2263ed61de88ca66eb011e3,2,65
1266,192.168.213.62,4d7a28d6f2263ed61de88ca66eb011e3,2,65
1270,192.168.214.202,4d7a28d6f2263ed61de88ca66eb011e3,3,65
1284,192.168.216.178,4d7a28d6f2263ed61de88ca66eb011e3,1,65
1360,192.168.222.245,4d7a28d6f2263ed61de88ca66eb011e3,2,65
1418,192.168.227.182,4d7a28d6f2263ed61de88ca66eb011e3,1,65
1420,192.168.227.35,4d7a28d6f2263ed61de88ca66eb011e3,1,65
1446,192.168.23.248,4d7a28d6f2263ed61de88ca66eb011e3,9,65
1452,192.168.23.92,4d7a28d6f2263ed61de88ca66eb011e3,6,65
1553,192.168.240.175,4d7a28d6f2263ed61de88ca66eb011e3,1,65
1581,192.168.242.95,4d7a28d6f2263ed61de88ca66eb011e3,1,65
1583,192.168.243.102,4d7a28d6f2263ed61de88ca66eb011e3,14,65
1591,192.168.243.240,4d7a28d6f2263ed61de88ca66eb011e3,1,65
1605,192.168.244.18,4d7a28d6f2263ed61de88ca66eb011e3,1,65
1611,192.168.245.101,4d7a28d6f2263ed61de88ca66eb011e3,4,65
1613,192.168.245.179,4d7a28d6f2263ed61de88ca66eb011e3,5,65
1670,192.168.25.59,4d7a28d6f2263ed61de88ca66eb011e3,3,65
1700,192.168.253.20,4d7a28d6f2263ed61de88ca66eb011e3,2,65
1732,192.168.27.117,4d7a28d6f2263ed61de88ca66eb011e3,3,65
1780,192.168.31.196,4d7a28d6f2263ed61de88ca66eb011e3,2,65
1811,192.168.33.97,4d7a28d6f2263ed61de88ca66eb011e3,2,65
1827,192.168.36.157,4d7a28d6f2263ed61de88ca66eb011e3,1,65
1937,192.168.44.31,4d7a28d6f2263ed61de88ca66eb011e3,1,65
1947,192.168.45.8,4d7a28d6f2263ed61de88ca66eb011e3,2,65
2003,192.168.51.115,4d7a28d6f2263ed61de88ca66eb011e3,4,65
2019,192.168.52.47,4d7a28d6f2263ed61de88ca66eb011e3,1,65
2055,192.168.57.165,4d7a28d6f2263ed61de88ca66eb011e3,1,65
2071,192.168.58.96,4d7a28d6f2263ed61de88ca66eb011e3,1,65
2143,192.168.65.46,4d7a28d6f2263ed61de88ca66eb011e3,3,65
2184,192.168.69.248,4d7a28d6f2263ed61de88ca66eb011e3,2,65
2289,192.168.77.167,4d7a28d6f2263ed61de88ca66eb011e3,1,65
2299,192.168.78.130,4d7a28d6f2263ed61de88ca66eb011e3,2,65
2385,192.168.86.130,4d7a28d6f2263ed61de88ca66eb011e3,1,65
2449,192.168.92.199,4d7a28d6f2263ed61de88ca66eb011e3,2,65
2513,192.168.99.88,4d7a28d6f2263ed61de88ca66eb011e3,3,65
49,192.168.101.40,32f9394763a922d31877fad9aa9b3773,5,3
1518,192.168.237.144,32f9394763a922d31877fad9aa9b3773,15,3
1621,192.168.245.50,32f9394763a922d31877fad9aa9b3773,4,3
69,192.168.103.57,35ed9d26feeb821f643139efe2a9a459,1,12
298,192.168.124.226,35ed9d26feeb821f643139efe2a9a459,1,12
380,192.168.129.97,35ed9d26feeb821f643139efe2a9a459,1,12
837,192.168.176.243,35ed9d26feeb821f643139efe2a9a459,3,12
1422,192.168.227.9,35ed9d26feeb821f643139efe2a9a459,1,12
1706,192.168.254.114,35ed9d26feeb821f643139efe2a9a459,1,12
1742,192.168.27.32,35ed9d26feeb821f643139efe2a9a459,1,12
1786,192.168.31.79,35ed9d26feeb821f643139efe2a9a459,11,12
2149,192.168.66.102,35ed9d26feeb821f643139efe2a9a459,1,12
2186,192.168.69.61,35ed9d26feeb821f643139efe2a9a459,1,12
2263,192.168.75.142,35ed9d26feeb821f643139efe2a9a459,1,12
2268,192.168.75.37,35ed9d26feeb821f643139efe2a9a459,1,12
76,192.168.104.237,d7150af4514b868defb854db0f62a441,2,28
282,192.168.123.142,d7150af4514b868defb854db0f62a441,1,28
320,192.168.125.218,d7150af4514b868defb854db0f62a441,23,28
454,192.168.137.25,d7150af4514b868defb854db0f62a441,22,28
636,192.168.154.248,d7150af4514b868defb854db0f62a441,2,28
761,192.168.167.59,d7150af4514b868defb854db0f62a441,1,28
769,192.168.168.53,d7150af4514b868defb854db0f62a441,22,28
821,192.168.174.160,d7150af4514b868defb854db0f62a441,13,28
835,192.168.176.225,d7150af4514b868defb854db0f62a441,1,28
860,192.168.18.14,d7150af4514b868defb854db0f62a441,1,28
908,192.168.183.166,d7150af4514b868defb854db0f62a441,1,28
1398,192.168.225.167,d7150af4514b868defb854db0f62a441,14,28
1500,192.168.234.63,d7150af4514b868defb854db0f62a441,2,28
1632,192.168.247.103,d7150af4514b868defb854db0f62a441,13,28
1666,192.168.25.170,d7150af4514b868defb854db0f62a441,12,28
1688,192.168.252.4,d7150af4514b868defb854db0f62a441,13,28
1738,192.168.27.201,d7150af4514b868defb854db0f62a441,24,28
1867,192.168.39.164,d7150af4514b868defb854db0f62a441,1,28
1875,192.168.39.207,d7150af4514b868defb854db0f62a441,3,28
1979,192.168.49.20,d7150af4514b868defb854db0f62a441,3,28
1995,192.168.5.88,d7150af4514b868defb854db0f62a441,1,28
2001,192.168.50.240,d7150af4514b868defb854db0f62a441,13,28
2031,192.168.54.24,d7150af4514b868defb854db0f62a441,3,28
2191,192.168.69.91,d7150af4514b868defb854db0f62a441,12,28
2247,192.168.74.201,d7150af4514b868defb854db0f62a441,13,28
2249,192.168.74.21,d7150af4514b868defb854db0f62a441,1,28
2285,192.168.77.104,d7150af4514b868defb854db0f62a441,13,28
2441,192.168.91.176,d7150af4514b868defb854db0f62a441,1,28
80,192.168.105.102,5c32f7d71899f6f7ac8547ff25a4892c,3,1
170,192.168.113.13,887983fd07ed0d10e96e7f002b323a43,13,17
234,192.168.12.154,887983fd07ed0d10e96e7f002b323a43,6,17
422,192.168.134.160,887983fd07ed0d10e96e7f002b323a43,57,17
674,192.168.159.155,887983fd07ed0d10e96e7f002b323a43,8,17
950,192.168.187.158,887983fd07ed0d10e96e7f002b323a43,8,17
1258,192.168.212.230,887983fd07ed0d10e96e7f002b323a43,9,17
1346,192.168.220.46,887983fd07ed0d10e96e7f002b323a43,9,17
1468,192.168.231.5,887983fd07ed0d10e96e7f002b323a43,8,17
1652,192.168.248.88,887983fd07ed0d10e96e7f002b323a43,10,17
1859,192.168.39.111,887983fd07ed0d10e96e7f002b323a43,7,17
1895,192.168.4.41,887983fd07ed0d10e96e7f002b323a43,20,17
2009,192.168.51.236,887983fd07ed0d10e96e7f002b323a43,19,17
2081,192.168.6.110,887983fd07ed0d10e96e7f002b323a43,6,17
2119,192.168.62.212,887983fd07ed0d10e96e7f002b323a43,9,17
2193,192.168.69.99,887983fd07ed0d10e96e7f002b323a43,47,17
2277,192.168.76.119,887983fd07ed0d10e96e7f002b323a43,3,17
2511,192.168.99.6,887983fd07ed0d10e96e7f002b323a43,66,17
192,192.168.114.64,e664eb1d6f519b7411c193a950e3ce80,1,1
226,192.168.119.245,535aca3d99fc247509cd50933cd71d37,1,4
602,192.168.152.101,535aca3d99fc247509cd50933cd71d37,2,4
1136,192.168.20.97,535aca3d99fc247509cd50933cd71d37,2,4
1188,192.168.206.147,535aca3d99fc247509cd50933cd71d37,1,4
230,192.168.12.104,f436b9416f37d134cadd04886327d3e8,1,9
390,192.168.130.163,f436b9416f37d134cadd04886327d3e8,1,9
498,192.168.141.158,f436b9416f37d134cadd04886327d3e8,1,9
524,192.168.143.91,f436b9416f37d134cadd04886327d3e8,1,9
588,192.168.15.84,f436b9416f37d134cadd04886327d3e8,1,9
1310,192.168.218.254,f436b9416f37d134cadd04886327d3e8,1,9
1575,192.168.242.54,f436b9416f37d134cadd04886327d3e8,1,9
1668,192.168.25.194,f436b9416f37d134cadd04886327d3e8,2,9
2423,192.168.9.15,f436b9416f37d134cadd04886327d3e8,7,9
317,192.168.125.189,667974adbac1c3c817854137b91d3099,1,1
318,192.168.125.189,9a35e493f961ac377f948690b5334a9c,1,3
1048,192.168.195.143,9a35e493f961ac377f948690b5334a9c,1,3
1911,192.168.42.160,9a35e493f961ac377f948690b5334a9c,1,3
322,192.168.125.36,b4010bb835ee1b035da12e3f933c9312,27,1
540,192.168.146.85,a795593605a13211941d44505b4d1e39,1,1
548,192.168.147.209,fac8a050004ba356caa13294ce7f9e0d,1,2
773,192.168.169.56,fac8a050004ba356caa13294ce7f9e0d,1,2
550,192.168.147.220,167fc4e554c6ec7bde03e34cd1fd5e5c,3,2
785,192.168.170.199,167fc4e554c6ec7bde03e34cd1fd5e5c,3,2
664,192.168.157.30,1d095e68489d3c535297cd8dffb06cb9,1,11
698,192.168.160.159,1d095e68489d3c535297cd8dffb06cb9,1,11
783,192.168.170.144,1d095e68489d3c535297cd8dffb06cb9,6,11
932,192.168.186.139,1d095e68489d3c535297cd8dffb06cb9,1,11
1210,192.168.207.60,1d095e68489d3c535297cd8dffb06cb9,2,11
1220,192.168.208.55,1d095e68489d3c535297cd8dffb06cb9,3,11
1482,192.168.232.80,1d095e68489d3c535297cd8dffb06cb9,1,11
1514,192.168.236.39,1d095e68489d3c535297cd8dffb06cb9,1,11
1523,192.168.238.148,1d095e68489d3c535297cd8dffb06cb9,1,11
1601,192.168.244.156,1d095e68489d3c535297cd8dffb06cb9,1,11
2211,192.168.70.32,1d095e68489d3c535297cd8dffb06cb9,2,11
732,192.168.164.0,35a73cfed9d010bbf092d2f22e797944,4,4
968,192.168.188.222,35a73cfed9d010bbf092d2f22e797944,20,4
1470,192.168.231.82,35a73cfed9d010bbf092d2f22e797944,20,4
1615,192.168.245.185,35a73cfed9d010bbf092d2f22e797944,4,4
744,192.168.165.43,aa26958c7970ee43a21b36d55694255a,1,1
974,192.168.189.1,3f2fba0262b1a22b739126dfb2fe7a7d,1,2
1819,192.168.35.110,3f2fba0262b1a22b739126dfb2fe7a7d,3,2
1176,192.168.205.172,455bd65d382d4741f0e48654f27cbe80,20,1
1178,192.168.205.199,5001b4c2a48c94b76ca1f0199345fe60,1,1
1184,192.168.206.103,234ff1b275ab729b80e8d13817e1e57b,63,1
1222,192.168.209.128,c992ef0133932fc0f35a8f5c743d738b,2,1
1256,192.168.212.211,1fe4c7a3544eb27afec2adfb3a3dbf60,1,2
2393,192.168.86.34,1fe4c7a3544eb27afec2adfb3a3dbf60,1,2
1350,192.168.221.170,88afa0dea1608e28f50acbad32d7f195,1,3
1704,192.168.254.101,88afa0dea1608e28f50acbad32d7f195,1,3
2367,192.168.83.36,88afa0dea1608e28f50acbad32d7f195,1,3
1549,192.168.24.95,b640e49b584058991bb6b91dc5d2bbb9,2,1
1559,192.168.240.50,810697754393ebcebe7efd53abfbfa31,1,2
2421,192.168.9.137,810697754393ebcebe7efd53abfbfa31,1,2
1716,192.168.255.6,1b83d0a78a9a1d00fd9b4c6752943a16,4,2
2073,192.168.59.167,1b83d0a78a9a1d00fd9b4c6752943a16,1,2
1782,192.168.31.34,7ddbbcfee1150597e49e0121e14c7738,1,1
1829,192.168.36.181,a7dfa1673bb090cab6b6658861f43473,6,1
1945,192.168.45.45,13020a4ccb11b2d3c9c0e6c285c3c415,12,1
2075,192.168.59.217,5c0d9c84ea18cf452700885044feff7b,2,1
2103,192.168.60.236,8847c56548553c53f4e3313a6a438085,1,1
2331,192.168.80.159,1bd0ea95385ea809eea3855eb572d634,2,1
2497,192.168.98.195,b6d799aa438a5b0fcecfd54fdafeba76,10,1
