source_ip,ja3_digest,计数项:source_ip
192.168.0.10,,9
,de350869b8c85de67a350c8d186f11e6,9
192.168.0.216,,2
,de350869b8c85de67a350c8d186f11e6,2
192.168.0.26,,2
,2a458dd9c65afbcf591cd8c2a194b804,2
192.168.0.37,,1
,205200cdaac61b110838556b834070d1,1
192.168.1.145,,4
,de350869b8c85de67a350c8d186f11e6,4
192.168.1.152,,12
,de350869b8c85de67a350c8d186f11e6,12
192.168.1.164,,8
,de350869b8c85de67a350c8d186f11e6,8
192.168.1.185,,8
,de350869b8c85de67a350c8d186f11e6,8
192.168.1.23,,2
,de350869b8c85de67a350c8d186f11e6,2
192.168.1.71,,8
,de350869b8c85de67a350c8d186f11e6,8
192.168.1.75,,3
,de350869b8c85de67a350c8d186f11e6,3
192.168.1.88,,5
,de350869b8c85de67a350c8d186f11e6,5
192.168.10.163,,8
,de350869b8c85de67a350c8d186f11e6,8
192.168.10.166,,1
,b102b73a090f4079a02e520bc16cc6cf,1
192.168.10.18,,8
,de350869b8c85de67a350c8d186f11e6,8
192.168.10.20,,2
,de350869b8c85de67a350c8d186f11e6,2
192.168.100.125,,2
,de350869b8c85de67a350c8d186f11e6,2
192.168.100.26,,12
,de350869b8c85de67a350c8d186f11e6,12
192.168.100.62,,14
,abdbdaa1b02f6e30b13c01f9f6742738,14
192.168.100.75,,2
,de350869b8c85de67a350c8d186f11e6,2
192.168.101.121,,1
,205200cdaac61b110838556b834070d1,1
192.168.101.154,,2
,205200cdaac61b110838556b834070d1,2
192.168.101.207,,8
,de350869b8c85de67a350c8d186f11e6,8
192.168.101.27,,3
,4d7a28d6f2263ed61de88ca66eb011e3,3
192.168.101.40,,5
,32f9394763a922d31877fad9aa9b3773,5
192.168.101.63,,1
,de350869b8c85de67a350c8d186f11e6,1
192.168.102.116,,1
,de350869b8c85de67a350c8d186f11e6,1
192.168.102.151,,3
,de350869b8c85de67a350c8d186f11e6,3
192.168.102.166,,2
,de350869b8c85de67a350c8d186f11e6,2
192.168.103.175,,2
,de350869b8c85de67a350c8d186f11e6,2
192.168.103.206,,9
,de350869b8c85de67a350c8d186f11e6,9
192.168.103.230,,8
,de350869b8c85de67a350c8d186f11e6,8
192.168.103.55,,12
,de350869b8c85de67a350c8d186f11e6,12
192.168.103.56,,9
,de350869b8c85de67a350c8d186f11e6,9
192.168.103.57,,2
,35ed9d26feeb821f643139efe2a9a459,1
,de350869b8c85de67a350c8d186f11e6,1
192.168.104.184,,2
,de350869b8c85de67a350c8d186f11e6,2
192.168.104.188,,2
,de350869b8c85de67a350c8d186f11e6,2
192.168.104.237,,2
,d7150af4514b868defb854db0f62a441,2
192.168.104.31,,12
,de350869b8c85de67a350c8d186f11e6,12
192.168.105.102,,3
,5c32f7d71899f6f7ac8547ff25a4892c,3
192.168.105.148,,6
,de350869b8c85de67a350c8d186f11e6,6
192.168.105.164,,1
,4d7a28d6f2263ed61de88ca66eb011e3,1
192.168.105.192,,2
,de350869b8c85de67a350c8d186f11e6,2
192.168.105.227,,10
,de350869b8c85de67a350c8d186f11e6,10
192.168.105.39,,2
,4d7a28d6f2263ed61de88ca66eb011e3,2
192.168.105.82,,8
,de350869b8c85de67a350c8d186f11e6,8
192.168.106.130,,12
,de350869b8c85de67a350c8d186f11e6,12
192.168.106.158,,12
,de350869b8c85de67a350c8d186f11e6,12
192.168.106.160,,2
,de350869b8c85de67a350c8d186f11e6,2
192.168.106.178,,1
,205200cdaac61b110838556b834070d1,1
192.168.106.251,,8
,de350869b8c85de67a350c8d186f11e6,8
192.168.107.201,,2
,de350869b8c85de67a350c8d186f11e6,2
192.168.107.242,,4
,de350869b8c85de67a350c8d186f11e6,4
192.168.107.251,,8
,de350869b8c85de67a350c8d186f11e6,8
192.168.107.253,,1
,205200cdaac61b110838556b834070d1,1
192.168.107.56,,4
,de350869b8c85de67a350c8d186f11e6,4
192.168.107.75,,10
,de350869b8c85de67a350c8d186f11e6,10
192.168.108.178,,12
,de350869b8c85de67a350c8d186f11e6,12
192.168.108.180,,2
,de350869b8c85de67a350c8d186f11e6,2
192.168.108.194,,12
,de350869b8c85de67a350c8d186f11e6,12
192.168.108.198,,6
,205200cdaac61b110838556b834070d1,6
192.168.108.201,,2
,de350869b8c85de67a350c8d186f11e6,2
192.168.108.24,,8
,de350869b8c85de67a350c8d186f11e6,8
192.168.108.29,,8
,de350869b8c85de67a350c8d186f11e6,8
192.168.108.53,,2
,de350869b8c85de67a350c8d186f11e6,2
192.168.108.82,,2
,4d7a28d6f2263ed61de88ca66eb011e3,2
192.168.108.91,,9
,de350869b8c85de67a350c8d186f11e6,9
192.168.108.93,,5
,de350869b8c85de67a350c8d186f11e6,5
192.168.109.170,,2
,205200cdaac61b110838556b834070d1,2
192.168.109.19,,12
,de350869b8c85de67a350c8d186f11e6,12
192.168.109.224,,1
,205200cdaac61b110838556b834070d1,1
192.168.109.227,,3
,de350869b8c85de67a350c8d186f11e6,3
192.168.109.30,,2
,de350869b8c85de67a350c8d186f11e6,2
192.168.11.54,,2
,de350869b8c85de67a350c8d186f11e6,2
192.168.110.121,,4
,de350869b8c85de67a350c8d186f11e6,4
192.168.110.146,,12
,de350869b8c85de67a350c8d186f11e6,12
192.168.110.206,,10
,de350869b8c85de67a350c8d186f11e6,10
192.168.111.181,,4
,de350869b8c85de67a350c8d186f11e6,4
192.168.111.222,,2
,de350869b8c85de67a350c8d186f11e6,2
192.168.111.223,,12
,de350869b8c85de67a350c8d186f11e6,12
192.168.111.82,,12
,de350869b8c85de67a350c8d186f11e6,12
192.168.112.147,,1
,4d7a28d6f2263ed61de88ca66eb011e3,1
192.168.112.158,,89
,de350869b8c85de67a350c8d186f11e6,89
192.168.112.160,,2
,de350869b8c85de67a350c8d186f11e6,2
192.168.113.13,,13
,887983fd07ed0d10e96e7f002b323a43,13
192.168.113.155,,2
,de350869b8c85de67a350c8d186f11e6,2
192.168.113.217,,12
,de350869b8c85de67a350c8d186f11e6,12
192.168.113.31,,2
,de350869b8c85de67a350c8d186f11e6,2
192.168.113.41,,1
,b102b73a090f4079a02e520bc16cc6cf,1
192.168.113.68,,2
,de350869b8c85de67a350c8d186f11e6,2
192.168.114.155,,1
,4d7a28d6f2263ed61de88ca66eb011e3,1
192.168.114.202,,12
,de350869b8c85de67a350c8d186f11e6,12
192.168.114.207,,3
,de350869b8c85de67a350c8d186f11e6,3
192.168.114.3,,4
,de350869b8c85de67a350c8d186f11e6,4
192.168.114.47,,2
,de350869b8c85de67a350c8d186f11e6,2
192.168.114.64,,1
,e664eb1d6f519b7411c193a950e3ce80,1
192.168.114.97,,8
,de350869b8c85de67a350c8d186f11e6,8
192.168.115.188,,2
,de350869b8c85de67a350c8d186f11e6,2
192.168.115.219,,10
,de350869b8c85de67a350c8d186f11e6,10
192.168.115.23,,12
,de350869b8c85de67a350c8d186f11e6,12
192.168.116.133,,2
,de350869b8c85de67a350c8d186f11e6,2
192.168.116.189,,10
,de350869b8c85de67a350c8d186f11e6,10
192.168.116.24,,2
,de350869b8c85de67a350c8d186f11e6,2
192.168.116.247,,2
,de350869b8c85de67a350c8d186f11e6,2
192.168.116.54,,1
,de350869b8c85de67a350c8d186f11e6,1
192.168.116.62,,2
,205200cdaac61b110838556b834070d1,2
192.168.117.125,,2
,de350869b8c85de67a350c8d186f11e6,2
192.168.117.128,,2
,4d7a28d6f2263ed61de88ca66eb011e3,2
192.168.117.7,,1
,205200cdaac61b110838556b834070d1,1
192.168.118.167,,4
,de350869b8c85de67a350c8d186f11e6,4
192.168.119.116,,1
,205200cdaac61b110838556b834070d1,1
192.168.119.228,,9
,de350869b8c85de67a350c8d186f11e6,9
192.168.119.245,,1
,535aca3d99fc247509cd50933cd71d37,1
192.168.119.33,,10
,de350869b8c85de67a350c8d186f11e6,10
192.168.12.104,,1
,f436b9416f37d134cadd04886327d3e8,1
192.168.12.107,,4
,de350869b8c85de67a350c8d186f11e6,4
192.168.12.154,,6
,887983fd07ed0d10e96e7f002b323a43,6
192.168.12.164,,2
,de350869b8c85de67a350c8d186f11e6,2
192.168.12.236,,8
,de350869b8c85de67a350c8d186f11e6,8
192.168.12.24,,4
,de350869b8c85de67a350c8d186f11e6,4
192.168.120.0,,2
,2a458dd9c65afbcf591cd8c2a194b804,2
192.168.120.113,,4
,de350869b8c85de67a350c8d186f11e6,4
192.168.120.146,,2
,de350869b8c85de67a350c8d186f11e6,2
192.168.120.15,,2
,de350869b8c85de67a350c8d186f11e6,2
192.168.121.183,,1
,de350869b8c85de67a350c8d186f11e6,1
192.168.121.188,,2
,de350869b8c85de67a350c8d186f11e6,2
192.168.121.192,,12
,de350869b8c85de67a350c8d186f11e6,12
192.168.121.38,,8
,de350869b8c85de67a350c8d186f11e6,8
192.168.121.61,,3
,de350869b8c85de67a350c8d186f11e6,3
192.168.121.72,,4
,de350869b8c85de67a350c8d186f11e6,4
192.168.121.73,,9
,de350869b8c85de67a350c8d186f11e6,9
192.168.122.148,,8
,de350869b8c85de67a350c8d186f11e6,8
192.168.122.161,,1
,de350869b8c85de67a350c8d186f11e6,1
192.168.122.167,,2
,de350869b8c85de67a350c8d186f11e6,2
192.168.122.242,,12
,de350869b8c85de67a350c8d186f11e6,12
192.168.122.3,,2
,205200cdaac61b110838556b834070d1,2
192.168.122.33,,8
,de350869b8c85de67a350c8d186f11e6,8
192.168.122.4,,2
,de350869b8c85de67a350c8d186f11e6,2
192.168.122.58,,5
,de350869b8c85de67a350c8d186f11e6,5
192.168.123.108,,3
,de350869b8c85de67a350c8d186f11e6,3
192.168.123.142,,1
,d7150af4514b868defb854db0f62a441,1
192.168.123.197,,1
,de350869b8c85de67a350c8d186f11e6,1
192.168.123.211,,9
,de350869b8c85de67a350c8d186f11e6,9
192.168.123.29,,8
,de350869b8c85de67a350c8d186f11e6,8
192.168.124.117,,1
,de350869b8c85de67a350c8d186f11e6,1
192.168.124.172,,2
,de350869b8c85de67a350c8d186f11e6,2
192.168.124.18,,4
,4d7a28d6f2263ed61de88ca66eb011e3,4
192.168.124.215,,12
,4d7a28d6f2263ed61de88ca66eb011e3,12
192.168.124.226,,2
,35ed9d26feeb821f643139efe2a9a459,1
,de350869b8c85de67a350c8d186f11e6,1
192.168.124.245,,1
,de350869b8c85de67a350c8d186f11e6,1
192.168.124.255,,8
,de350869b8c85de67a350c8d186f11e6,8
192.168.124.65,,1
,de350869b8c85de67a350c8d186f11e6,1
192.168.124.70,,12
,de350869b8c85de67a350c8d186f11e6,12
192.168.125.132,,7
,de350869b8c85de67a350c8d186f11e6,7
192.168.125.137,,9
,de350869b8c85de67a350c8d186f11e6,9
192.168.125.162,,2
,de350869b8c85de67a350c8d186f11e6,2
192.168.125.166,,3
,de350869b8c85de67a350c8d186f11e6,3
192.168.125.189,,2
,667974adbac1c3c817854137b91d3099,1
,9a35e493f961ac377f948690b5334a9c,1
192.168.125.218,,23
,d7150af4514b868defb854db0f62a441,23
192.168.125.36,,27
,b4010bb835ee1b035da12e3f933c9312,27
192.168.125.64,,3
,205200cdaac61b110838556b834070d1,3
192.168.126.121,,9
,de350869b8c85de67a350c8d186f11e6,9
192.168.126.123,,7
,de350869b8c85de67a350c8d186f11e6,7
192.168.126.13,,2
,de350869b8c85de67a350c8d186f11e6,2
192.168.126.160,,8
,de350869b8c85de67a350c8d186f11e6,8
192.168.126.189,,4
,de350869b8c85de67a350c8d186f11e6,4
192.168.126.190,,1
,de350869b8c85de67a350c8d186f11e6,1
192.168.127.114,,2
,de350869b8c85de67a350c8d186f11e6,2
192.168.127.129,,8
,de350869b8c85de67a350c8d186f11e6,8
192.168.127.172,,12
,de350869b8c85de67a350c8d186f11e6,12
192.168.127.232,,2
,de350869b8c85de67a350c8d186f11e6,2
192.168.127.41,,2
,de350869b8c85de67a350c8d186f11e6,2
192.168.127.61,,1
,205200cdaac61b110838556b834070d1,1
192.168.128.10,,1
,205200cdaac61b110838556b834070d1,1
192.168.128.107,,2
,de350869b8c85de67a350c8d186f11e6,2
192.168.128.125,,12
,de350869b8c85de67a350c8d186f11e6,12
192.168.128.14,,2
,de350869b8c85de67a350c8d186f11e6,2
192.168.128.219,,8
,de350869b8c85de67a350c8d186f11e6,8
192.168.128.221,,2
,de350869b8c85de67a350c8d186f11e6,2
192.168.128.226,,2
,de350869b8c85de67a350c8d186f11e6,2
192.168.129.12,,12
,de350869b8c85de67a350c8d186f11e6,12
192.168.129.120,,2
,de350869b8c85de67a350c8d186f11e6,2
192.168.129.127,,8
,de350869b8c85de67a350c8d186f11e6,8
192.168.129.141,,12
,de350869b8c85de67a350c8d186f11e6,12
192.168.129.142,,9
,de350869b8c85de67a350c8d186f11e6,9
192.168.129.24,,1
,de350869b8c85de67a350c8d186f11e6,1
192.168.129.46,,2
,2a458dd9c65afbcf591cd8c2a194b804,2
192.168.129.87,,12
,de350869b8c85de67a350c8d186f11e6,12
192.168.129.97,,1
,35ed9d26feeb821f643139efe2a9a459,1
192.168.13.163,,8
,de350869b8c85de67a350c8d186f11e6,8
192.168.13.48,,4
,de350869b8c85de67a350c8d186f11e6,4
192.168.13.85,,9
,de350869b8c85de67a350c8d186f11e6,9
192.168.130.126,,4
,4d7a28d6f2263ed61de88ca66eb011e3,4
192.168.130.163,,1
,f436b9416f37d134cadd04886327d3e8,1
192.168.130.71,,12
,de350869b8c85de67a350c8d186f11e6,12
192.168.131.200,,2
,de350869b8c85de67a350c8d186f11e6,2
192.168.131.251,,12
,de350869b8c85de67a350c8d186f11e6,12
192.168.132.101,,8
,de350869b8c85de67a350c8d186f11e6,8
192.168.132.111,,11
,de350869b8c85de67a350c8d186f11e6,11
192.168.132.15,,2
,de350869b8c85de67a350c8d186f11e6,2
192.168.132.76,,2
,205200cdaac61b110838556b834070d1,2
192.168.133.119,,2
,de350869b8c85de67a350c8d186f11e6,2
192.168.133.174,,2
,de350869b8c85de67a350c8d186f11e6,2
192.168.133.232,,8
,de350869b8c85de67a350c8d186f11e6,8
192.168.133.254,,6
,de350869b8c85de67a350c8d186f11e6,6
192.168.133.48,,8
,de350869b8c85de67a350c8d186f11e6,8
192.168.134.12,,2
,4d7a28d6f2263ed61de88ca66eb011e3,2
192.168.134.121,,5
,de350869b8c85de67a350c8d186f11e6,5
192.168.134.125,,12
,de350869b8c85de67a350c8d186f11e6,12
192.168.134.160,,57
,887983fd07ed0d10e96e7f002b323a43,57
192.168.134.174,,8
,de350869b8c85de67a350c8d186f11e6,8
192.168.134.2,,2
,de350869b8c85de67a350c8d186f11e6,2
192.168.134.218,,9
,de350869b8c85de67a350c8d186f11e6,9
192.168.134.45,,1
,de350869b8c85de67a350c8d186f11e6,1
192.168.134.89,,1
,205200cdaac61b110838556b834070d1,1
192.168.134.99,,2
,de350869b8c85de67a350c8d186f11e6,2
192.168.135.195,,2
,4d7a28d6f2263ed61de88ca66eb011e3,2
192.168.135.219,,8
,de350869b8c85de67a350c8d186f11e6,8
192.168.135.222,,2
,de350869b8c85de67a350c8d186f11e6,2
192.168.135.237,,4
,de350869b8c85de67a350c8d186f11e6,4
192.168.136.141,,2
,de350869b8c85de67a350c8d186f11e6,2
192.168.136.168,,2
,de350869b8c85de67a350c8d186f11e6,2
192.168.136.193,,2
,de350869b8c85de67a350c8d186f11e6,2
192.168.137.139,,12
,de350869b8c85de67a350c8d186f11e6,12
192.168.137.232,,1
,de350869b8c85de67a350c8d186f11e6,1
192.168.137.25,,22
,d7150af4514b868defb854db0f62a441,22
192.168.137.34,,3
,205200cdaac61b110838556b834070d1,3
192.168.137.55,,9
,de350869b8c85de67a350c8d186f11e6,9
192.168.138.151,,9
,de350869b8c85de67a350c8d186f11e6,9
192.168.138.163,,2
,de350869b8c85de67a350c8d186f11e6,2
192.168.138.165,,8
,de350869b8c85de67a350c8d186f11e6,8
192.168.138.180,,2
,de350869b8c85de67a350c8d186f11e6,2
192.168.138.187,,9
,de350869b8c85de67a350c8d186f11e6,9
192.168.138.73,,9
,de350869b8c85de67a350c8d186f11e6,9
192.168.139.216,,1
,de350869b8c85de67a350c8d186f11e6,1
192.168.139.229,,13
,de350869b8c85de67a350c8d186f11e6,13
192.168.14.144,,8
,de350869b8c85de67a350c8d186f11e6,8
192.168.14.169,,8
,de350869b8c85de67a350c8d186f11e6,8
192.168.14.177,,9
,de350869b8c85de67a350c8d186f11e6,9
192.168.14.181,,12
,de350869b8c85de67a350c8d186f11e6,12
192.168.14.208,,6
,de350869b8c85de67a350c8d186f11e6,6
192.168.14.254,,1
,de350869b8c85de67a350c8d186f11e6,1
192.168.14.32,,2
,de350869b8c85de67a350c8d186f11e6,2
192.168.14.56,,8
,de350869b8c85de67a350c8d186f11e6,8
192.168.14.81,,8
,de350869b8c85de67a350c8d186f11e6,8
192.168.140.2,,2
,de350869b8c85de67a350c8d186f11e6,2
192.168.140.4,,1
,205200cdaac61b110838556b834070d1,1
192.168.141.158,,1
,f436b9416f37d134cadd04886327d3e8,1
192.168.141.206,,1
,de350869b8c85de67a350c8d186f11e6,1
192.168.141.225,,2
,de350869b8c85de67a350c8d186f11e6,2
192.168.141.38,,2
,de350869b8c85de67a350c8d186f11e6,2
192.168.141.70,,2
,de350869b8c85de67a350c8d186f11e6,2
192.168.142.159,,4
,de350869b8c85de67a350c8d186f11e6,4
192.168.142.247,,1
,de350869b8c85de67a350c8d186f11e6,1
192.168.142.40,,1
,4d7a28d6f2263ed61de88ca66eb011e3,1
192.168.142.43,,9
,de350869b8c85de67a350c8d186f11e6,9
192.168.142.92,,12
,de350869b8c85de67a350c8d186f11e6,12
192.168.143.137,,1
,205200cdaac61b110838556b834070d1,1
192.168.143.144,,8
,de350869b8c85de67a350c8d186f11e6,8
192.168.143.199,,2
,de350869b8c85de67a350c8d186f11e6,2
192.168.143.91,,1
,f436b9416f37d134cadd04886327d3e8,1
192.168.144.109,,10
,de350869b8c85de67a350c8d186f11e6,10
192.168.144.35,,1
,de350869b8c85de67a350c8d186f11e6,1
192.168.145.161,,2
,de350869b8c85de67a350c8d186f11e6,2
192.168.145.179,,7
,de350869b8c85de67a350c8d186f11e6,7
192.168.145.86,,4
,205200cdaac61b110838556b834070d1,4
192.168.146.143,,8
,de350869b8c85de67a350c8d186f11e6,8
192.168.146.62,,1
,de350869b8c85de67a350c8d186f11e6,1
192.168.146.85,,1
,a795593605a13211941d44505b4d1e39,1
192.168.146.98,,7
,de350869b8c85de67a350c8d186f11e6,7
192.168.147.175,,12
,de350869b8c85de67a350c8d186f11e6,12
192.168.147.186,,2
,de350869b8c85de67a350c8d186f11e6,2
192.168.147.209,,1
,fac8a050004ba356caa13294ce7f9e0d,1
192.168.147.220,,3
,167fc4e554c6ec7bde03e34cd1fd5e5c,3
192.168.147.232,,8
,de350869b8c85de67a350c8d186f11e6,8
192.168.147.48,,2
,4d7a28d6f2263ed61de88ca66eb011e3,2
192.168.147.84,,2
,4d7a28d6f2263ed61de88ca66eb011e3,2
192.168.148.100,,7
,de350869b8c85de67a350c8d186f11e6,7
192.168.148.152,,12
,de350869b8c85de67a350c8d186f11e6,12
192.168.148.161,,1
,205200cdaac61b110838556b834070d1,1
192.168.148.199,,2
,de350869b8c85de67a350c8d186f11e6,2
192.168.148.23,,1
,de350869b8c85de67a350c8d186f11e6,1
192.168.148.32,,2
,de350869b8c85de67a350c8d186f11e6,2
192.168.148.34,,7
,205200cdaac61b110838556b834070d1,7
192.168.148.43,,2
,de350869b8c85de67a350c8d186f11e6,2
192.168.149.142,,2
,de350869b8c85de67a350c8d186f11e6,2
192.168.149.146,,9
,de350869b8c85de67a350c8d186f11e6,9
192.168.149.161,,12
,de350869b8c85de67a350c8d186f11e6,12
192.168.149.188,,12
,de350869b8c85de67a350c8d186f11e6,12
192.168.149.41,,17
,de350869b8c85de67a350c8d186f11e6,17
192.168.15.107,,2
,de350869b8c85de67a350c8d186f11e6,2
192.168.15.114,,10
,de350869b8c85de67a350c8d186f11e6,10
192.168.15.84,,1
,f436b9416f37d134cadd04886327d3e8,1
192.168.15.96,,1
,de350869b8c85de67a350c8d186f11e6,1
192.168.150.226,,10
,de350869b8c85de67a350c8d186f11e6,10
192.168.151.152,,10
,de350869b8c85de67a350c8d186f11e6,10
192.168.151.244,,4
,de350869b8c85de67a350c8d186f11e6,4
192.168.151.54,,2
,de350869b8c85de67a350c8d186f11e6,2
192.168.151.57,,4
,de350869b8c85de67a350c8d186f11e6,4
192.168.152.101,,2
,535aca3d99fc247509cd50933cd71d37,2
192.168.152.145,,8
,de350869b8c85de67a350c8d186f11e6,8
192.168.152.176,,2
,de350869b8c85de67a350c8d186f11e6,2
192.168.152.18,,6
,de350869b8c85de67a350c8d186f11e6,6
192.168.152.183,,1
,de350869b8c85de67a350c8d186f11e6,1
192.168.152.193,,2
,de350869b8c85de67a350c8d186f11e6,2
192.168.152.197,,1
,de350869b8c85de67a350c8d186f11e6,1
192.168.152.201,,2
,de350869b8c85de67a350c8d186f11e6,2
192.168.152.57,,1
,205200cdaac61b110838556b834070d1,1
192.168.153.139,,12
,de350869b8c85de67a350c8d186f11e6,12
192.168.153.144,,2
,de350869b8c85de67a350c8d186f11e6,2
192.168.153.37,,1
,205200cdaac61b110838556b834070d1,1
192.168.153.59,,2
,de350869b8c85de67a350c8d186f11e6,2
192.168.153.88,,8
,de350869b8c85de67a350c8d186f11e6,8
192.168.154.115,,9
,de350869b8c85de67a350c8d186f11e6,9
192.168.154.137,,10
,de350869b8c85de67a350c8d186f11e6,10
192.168.154.184,,2
,de350869b8c85de67a350c8d186f11e6,2
192.168.154.248,,2
,d7150af4514b868defb854db0f62a441,2
192.168.154.8,,9
,de350869b8c85de67a350c8d186f11e6,9
192.168.155.188,,2
,205200cdaac61b110838556b834070d1,2
192.168.155.23,,9
,de350869b8c85de67a350c8d186f11e6,9
192.168.155.233,,2
,de350869b8c85de67a350c8d186f11e6,2
192.168.155.57,,2
,de350869b8c85de67a350c8d186f11e6,2
192.168.155.67,,8
,de350869b8c85de67a350c8d186f11e6,8
192.168.156.124,,1
,205200cdaac61b110838556b834070d1,1
192.168.156.139,,2
,de350869b8c85de67a350c8d186f11e6,2
192.168.156.149,,2
,de350869b8c85de67a350c8d186f11e6,2
192.168.156.15,,6
,205200cdaac61b110838556b834070d1,6
192.168.156.157,,1
,205200cdaac61b110838556b834070d1,1
192.168.156.198,,6
,de350869b8c85de67a350c8d186f11e6,6
192.168.156.249,,2
,de350869b8c85de67a350c8d186f11e6,2
192.168.157.30,,1
,1d095e68489d3c535297cd8dffb06cb9,1
192.168.157.85,,9
,de350869b8c85de67a350c8d186f11e6,9
192.168.158.140,,9
,de350869b8c85de67a350c8d186f11e6,9
192.168.158.154,,2
,de350869b8c85de67a350c8d186f11e6,2
192.168.158.25,,2
,de350869b8c85de67a350c8d186f11e6,2
192.168.159.155,,8
,887983fd07ed0d10e96e7f002b323a43,8
192.168.159.234,,1
,205200cdaac61b110838556b834070d1,1
192.168.159.71,,9
,de350869b8c85de67a350c8d186f11e6,9
192.168.159.80,,8
,de350869b8c85de67a350c8d186f11e6,8
192.168.159.96,,12
,de350869b8c85de67a350c8d186f11e6,12
192.168.16.128,,12
,de350869b8c85de67a350c8d186f11e6,12
192.168.16.201,,6
,de350869b8c85de67a350c8d186f11e6,6
192.168.16.230,,2
,205200cdaac61b110838556b834070d1,2
192.168.16.236,,8
,de350869b8c85de67a350c8d186f11e6,8
192.168.16.77,,8
,de350869b8c85de67a350c8d186f11e6,8
192.168.16.95,,1
,205200cdaac61b110838556b834070d1,1
192.168.160.129,,1
,205200cdaac61b110838556b834070d1,1
192.168.160.159,,1
,1d095e68489d3c535297cd8dffb06cb9,1
192.168.160.204,,8
,de350869b8c85de67a350c8d186f11e6,8
192.168.160.25,,2
,de350869b8c85de67a350c8d186f11e6,2
192.168.160.36,,11
,de350869b8c85de67a350c8d186f11e6,11
192.168.160.81,,1
,205200cdaac61b110838556b834070d1,1
192.168.161.28,,12
,de350869b8c85de67a350c8d186f11e6,12
192.168.161.68,,1
,de350869b8c85de67a350c8d186f11e6,1
192.168.161.74,,1
,205200cdaac61b110838556b834070d1,1
192.168.162.152,,9
,de350869b8c85de67a350c8d186f11e6,9
192.168.162.186,,2
,de350869b8c85de67a350c8d186f11e6,2
192.168.162.3,,2
,de350869b8c85de67a350c8d186f11e6,2
192.168.162.9,,2
,de350869b8c85de67a350c8d186f11e6,2
192.168.163.199,,2
,de350869b8c85de67a350c8d186f11e6,2
192.168.163.201,,2
,de350869b8c85de67a350c8d186f11e6,2
192.168.163.208,,8
,de350869b8c85de67a350c8d186f11e6,8
192.168.163.248,,2
,de350869b8c85de67a350c8d186f11e6,2
192.168.163.88,,2
,de350869b8c85de67a350c8d186f11e6,2
192.168.164.0,,4
,35a73cfed9d010bbf092d2f22e797944,4
192.168.165.138,,8
,de350869b8c85de67a350c8d186f11e6,8
192.168.165.172,,1
,4d7a28d6f2263ed61de88ca66eb011e3,1
192.168.165.217,,10
,4d7a28d6f2263ed61de88ca66eb011e3,10
192.168.165.255,,1
,205200cdaac61b110838556b834070d1,1
192.168.165.33,,2
,de350869b8c85de67a350c8d186f11e6,2
192.168.165.43,,1
,aa26958c7970ee43a21b36d55694255a,1
192.168.165.75,,7
,de350869b8c85de67a350c8d186f11e6,7
192.168.166.148,,2
,de350869b8c85de67a350c8d186f11e6,2
192.168.166.230,,17
,abdbdaa1b02f6e30b13c01f9f6742738,8
,de350869b8c85de67a350c8d186f11e6,9
192.168.166.231,,12
,de350869b8c85de67a350c8d186f11e6,12
192.168.166.249,,1
,de350869b8c85de67a350c8d186f11e6,1
192.168.166.61,,9
,de350869b8c85de67a350c8d186f11e6,9
192.168.167.255,,2
,de350869b8c85de67a350c8d186f11e6,2
192.168.167.59,,1
,d7150af4514b868defb854db0f62a441,1
192.168.167.65,,12
,de350869b8c85de67a350c8d186f11e6,12
192.168.168.135,,2
,de350869b8c85de67a350c8d186f11e6,2
192.168.168.204,,1
,4d7a28d6f2263ed61de88ca66eb011e3,1
192.168.168.53,,22
,d7150af4514b868defb854db0f62a441,22
192.168.169.44,,2
,205200cdaac61b110838556b834070d1,2
192.168.169.56,,1
,fac8a050004ba356caa13294ce7f9e0d,1
192.168.17.10,,12
,de350869b8c85de67a350c8d186f11e6,12
192.168.17.112,,2
,de350869b8c85de67a350c8d186f11e6,2
192.168.17.124,,4
,de350869b8c85de67a350c8d186f11e6,4
192.168.17.59,,8
,de350869b8c85de67a350c8d186f11e6,8
192.168.170.144,,6
,1d095e68489d3c535297cd8dffb06cb9,6
192.168.170.199,,3
,167fc4e554c6ec7bde03e34cd1fd5e5c,3
192.168.170.210,,2
,de350869b8c85de67a350c8d186f11e6,2
192.168.170.215,,8
,de350869b8c85de67a350c8d186f11e6,8
192.168.170.36,,8
,de350869b8c85de67a350c8d186f11e6,8
192.168.170.58,,2
,de350869b8c85de67a350c8d186f11e6,2
192.168.171.115,,12
,de350869b8c85de67a350c8d186f11e6,12
192.168.171.165,,8
,de350869b8c85de67a350c8d186f11e6,8
192.168.171.194,,2
,de350869b8c85de67a350c8d186f11e6,2
192.168.171.207,,1
,4d7a28d6f2263ed61de88ca66eb011e3,1
192.168.171.43,,2
,4d7a28d6f2263ed61de88ca66eb011e3,2
192.168.171.74,,12
,de350869b8c85de67a350c8d186f11e6,12
192.168.172.104,,2
,de350869b8c85de67a350c8d186f11e6,2
192.168.172.212,,10
,de350869b8c85de67a350c8d186f11e6,10
192.168.172.216,,1
,205200cdaac61b110838556b834070d1,1
192.168.172.48,,9
,de350869b8c85de67a350c8d186f11e6,9
192.168.172.55,,2
,de350869b8c85de67a350c8d186f11e6,2
192.168.173.150,,2
,205200cdaac61b110838556b834070d1,2
192.168.173.83,,6
,de350869b8c85de67a350c8d186f11e6,6
192.168.174.160,,13
,d7150af4514b868defb854db0f62a441,13
192.168.174.58,,2
,205200cdaac61b110838556b834070d1,2
192.168.175.137,,2
,de350869b8c85de67a350c8d186f11e6,2
192.168.175.144,,9
,de350869b8c85de67a350c8d186f11e6,9
192.168.175.191,,2
,de350869b8c85de67a350c8d186f11e6,2
192.168.175.231,,1
,de350869b8c85de67a350c8d186f11e6,1
192.168.176.107,,9
,de350869b8c85de67a350c8d186f11e6,9
192.168.176.225,,1
,d7150af4514b868defb854db0f62a441,1
192.168.176.243,,7
,35ed9d26feeb821f643139efe2a9a459,3
,de350869b8c85de67a350c8d186f11e6,4
192.168.176.69,,2
,205200cdaac61b110838556b834070d1,2
192.168.177.222,,1
,4d7a28d6f2263ed61de88ca66eb011e3,1
192.168.178.226,,2
,de350869b8c85de67a350c8d186f11e6,2
192.168.178.71,,12
,de350869b8c85de67a350c8d186f11e6,12
192.168.178.81,,2
,de350869b8c85de67a350c8d186f11e6,2
192.168.179.120,,8
,de350869b8c85de67a350c8d186f11e6,8
192.168.179.157,,8
,de350869b8c85de67a350c8d186f11e6,8
192.168.179.180,,2
,de350869b8c85de67a350c8d186f11e6,2
192.168.179.243,,2
,de350869b8c85de67a350c8d186f11e6,2
192.168.179.68,,2
,de350869b8c85de67a350c8d186f11e6,2
192.168.18.14,,1
,d7150af4514b868defb854db0f62a441,1
192.168.18.150,,2
,de350869b8c85de67a350c8d186f11e6,2
192.168.18.185,,2
,de350869b8c85de67a350c8d186f11e6,2
192.168.18.216,,5
,de350869b8c85de67a350c8d186f11e6,5
192.168.18.217,,8
,de350869b8c85de67a350c8d186f11e6,8
192.168.18.233,,1
,de350869b8c85de67a350c8d186f11e6,1
192.168.18.38,,2
,4d7a28d6f2263ed61de88ca66eb011e3,2
192.168.18.71,,2
,de350869b8c85de67a350c8d186f11e6,2
192.168.18.92,,1
,de350869b8c85de67a350c8d186f11e6,1
192.168.180.17,,9
,de350869b8c85de67a350c8d186f11e6,9
192.168.180.178,,8
,de350869b8c85de67a350c8d186f11e6,8
192.168.181.0,,2
,205200cdaac61b110838556b834070d1,2
192.168.181.120,,10
,de350869b8c85de67a350c8d186f11e6,10
192.168.181.15,,2
,de350869b8c85de67a350c8d186f11e6,2
192.168.181.167,,12
,de350869b8c85de67a350c8d186f11e6,12
192.168.181.223,,8
,de350869b8c85de67a350c8d186f11e6,8
192.168.182.115,,9
,de350869b8c85de67a350c8d186f11e6,9
192.168.182.216,,3
,4d7a28d6f2263ed61de88ca66eb011e3,3
192.168.182.225,,1
,de350869b8c85de67a350c8d186f11e6,1
192.168.182.240,,8
,de350869b8c85de67a350c8d186f11e6,8
192.168.182.247,,1
,205200cdaac61b110838556b834070d1,1
192.168.183.117,,9
,de350869b8c85de67a350c8d186f11e6,9
192.168.183.154,,2
,de350869b8c85de67a350c8d186f11e6,2
192.168.183.157,,1
,de350869b8c85de67a350c8d186f11e6,1
192.168.183.166,,1
,d7150af4514b868defb854db0f62a441,1
192.168.183.48,,2
,4d7a28d6f2263ed61de88ca66eb011e3,2
192.168.183.56,,2
,de350869b8c85de67a350c8d186f11e6,2
192.168.183.67,,8
,de350869b8c85de67a350c8d186f11e6,8
192.168.184.214,,3
,de350869b8c85de67a350c8d186f11e6,3
192.168.184.51,,1
,205200cdaac61b110838556b834070d1,1
192.168.185.107,,6
,205200cdaac61b110838556b834070d1,6
192.168.185.223,,10
,de350869b8c85de67a350c8d186f11e6,10
192.168.185.241,,2
,de350869b8c85de67a350c8d186f11e6,2
192.168.185.52,,2
,205200cdaac61b110838556b834070d1,2
192.168.185.8,,12
,de350869b8c85de67a350c8d186f11e6,12
192.168.186.126,,12
,de350869b8c85de67a350c8d186f11e6,12
192.168.186.139,,1
,1d095e68489d3c535297cd8dffb06cb9,1
192.168.186.173,,2
,de350869b8c85de67a350c8d186f11e6,2
192.168.186.202,,12
,de350869b8c85de67a350c8d186f11e6,12
192.168.186.205,,6
,de350869b8c85de67a350c8d186f11e6,6
192.168.186.227,,8
,de350869b8c85de67a350c8d186f11e6,8
192.168.186.254,,8
,de350869b8c85de67a350c8d186f11e6,8
192.168.186.37,,12
,de350869b8c85de67a350c8d186f11e6,12
192.168.186.45,,1
,de350869b8c85de67a350c8d186f11e6,1
192.168.187.103,,2
,de350869b8c85de67a350c8d186f11e6,2
192.168.187.158,,8
,887983fd07ed0d10e96e7f002b323a43,8
192.168.187.180,,4
,de350869b8c85de67a350c8d186f11e6,4
192.168.187.186,,6
,de350869b8c85de67a350c8d186f11e6,6
192.168.187.254,,12
,de350869b8c85de67a350c8d186f11e6,12
192.168.187.32,,2
,de350869b8c85de67a350c8d186f11e6,2
192.168.187.34,,9
,de350869b8c85de67a350c8d186f11e6,9
192.168.188.122,,2
,de350869b8c85de67a350c8d186f11e6,2
192.168.188.127,,2
,de350869b8c85de67a350c8d186f11e6,2
192.168.188.143,,22
,4d7a28d6f2263ed61de88ca66eb011e3,22
192.168.188.222,,20
,35a73cfed9d010bbf092d2f22e797944,20
192.168.188.25,,2
,2a458dd9c65afbcf591cd8c2a194b804,2
192.168.188.38,,2
,de350869b8c85de67a350c8d186f11e6,2
192.168.189.1,,1
,3f2fba0262b1a22b739126dfb2fe7a7d,1
192.168.189.10,,12
,de350869b8c85de67a350c8d186f11e6,12
192.168.189.125,,8
,de350869b8c85de67a350c8d186f11e6,8
192.168.189.135,,5
,205200cdaac61b110838556b834070d1,5
192.168.189.165,,12
,de350869b8c85de67a350c8d186f11e6,12
192.168.189.55,,1
,de350869b8c85de67a350c8d186f11e6,1
192.168.19.103,,12
,de350869b8c85de67a350c8d186f11e6,12
192.168.19.38,,1
,205200cdaac61b110838556b834070d1,1
192.168.19.42,,1
,2a458dd9c65afbcf591cd8c2a194b804,1
192.168.190.11,,3
,de350869b8c85de67a350c8d186f11e6,3
192.168.190.12,,8
,de350869b8c85de67a350c8d186f11e6,8
192.168.190.125,,12
,de350869b8c85de67a350c8d186f11e6,12
192.168.190.224,,1
,de350869b8c85de67a350c8d186f11e6,1
192.168.190.28,,2
,205200cdaac61b110838556b834070d1,2
192.168.190.60,,2
,de350869b8c85de67a350c8d186f11e6,2
192.168.191.152,,9
,de350869b8c85de67a350c8d186f11e6,9
192.168.191.193,,12
,de350869b8c85de67a350c8d186f11e6,12
192.168.191.203,,8
,de350869b8c85de67a350c8d186f11e6,8
192.168.191.226,,2
,de350869b8c85de67a350c8d186f11e6,2
192.168.191.246,,4
,de350869b8c85de67a350c8d186f11e6,4
192.168.191.5,,1
,205200cdaac61b110838556b834070d1,1
192.168.192.128,,2
,205200cdaac61b110838556b834070d1,2
192.168.192.233,,8
,de350869b8c85de67a350c8d186f11e6,8
192.168.192.28,,2
,de350869b8c85de67a350c8d186f11e6,2
192.168.192.46,,2
,de350869b8c85de67a350c8d186f11e6,2
192.168.192.60,,1
,4d7a28d6f2263ed61de88ca66eb011e3,1
192.168.192.67,,3
,205200cdaac61b110838556b834070d1,3
192.168.193.151,,2
,de350869b8c85de67a350c8d186f11e6,2
192.168.193.19,,3
,de350869b8c85de67a350c8d186f11e6,3
192.168.194.0,,1
,de350869b8c85de67a350c8d186f11e6,1
192.168.194.143,,1
,205200cdaac61b110838556b834070d1,1
192.168.194.174,,9
,de350869b8c85de67a350c8d186f11e6,9
192.168.194.185,,1
,de350869b8c85de67a350c8d186f11e6,1
192.168.194.2,,9
,de350869b8c85de67a350c8d186f11e6,9
192.168.195.103,,8
,de350869b8c85de67a350c8d186f11e6,8
192.168.195.104,,12
,de350869b8c85de67a350c8d186f11e6,12
192.168.195.106,,9
,de350869b8c85de67a350c8d186f11e6,9
192.168.195.143,,1
,9a35e493f961ac377f948690b5334a9c,1
192.168.195.157,,10
,de350869b8c85de67a350c8d186f11e6,10
192.168.195.161,,12
,de350869b8c85de67a350c8d186f11e6,12
192.168.195.19,,1
,205200cdaac61b110838556b834070d1,1
192.168.195.209,,2
,de350869b8c85de67a350c8d186f11e6,2
192.168.195.213,,8
,de350869b8c85de67a350c8d186f11e6,8
192.168.195.40,,1
,4d7a28d6f2263ed61de88ca66eb011e3,1
192.168.195.9,,8
,de350869b8c85de67a350c8d186f11e6,8
192.168.196.211,,8
,de350869b8c85de67a350c8d186f11e6,8
192.168.196.234,,2
,de350869b8c85de67a350c8d186f11e6,2
192.168.196.69,,2
,de350869b8c85de67a350c8d186f11e6,2
192.168.197.116,,1
,205200cdaac61b110838556b834070d1,1
192.168.197.154,,2
,de350869b8c85de67a350c8d186f11e6,2
192.168.197.159,,2
,de350869b8c85de67a350c8d186f11e6,2
192.168.198.121,,8
,de350869b8c85de67a350c8d186f11e6,8
192.168.198.177,,2
,de350869b8c85de67a350c8d186f11e6,2
192.168.198.210,,8
,de350869b8c85de67a350c8d186f11e6,8
192.168.198.22,,9
,de350869b8c85de67a350c8d186f11e6,9
192.168.198.249,,12
,de350869b8c85de67a350c8d186f11e6,12
192.168.198.255,,2
,de350869b8c85de67a350c8d186f11e6,2
192.168.198.27,,14
,de350869b8c85de67a350c8d186f11e6,14
192.168.198.30,,2
,de350869b8c85de67a350c8d186f11e6,2
192.168.198.82,,1
,205200cdaac61b110838556b834070d1,1
192.168.198.86,,1
,205200cdaac61b110838556b834070d1,1
192.168.199.119,,4
,de350869b8c85de67a350c8d186f11e6,4
192.168.199.146,,12
,de350869b8c85de67a350c8d186f11e6,12
192.168.199.149,,2
,de350869b8c85de67a350c8d186f11e6,2
192.168.199.182,,2
,de350869b8c85de67a350c8d186f11e6,2
192.168.199.194,,12
,de350869b8c85de67a350c8d186f11e6,12
192.168.199.210,,2
,de350869b8c85de67a350c8d186f11e6,2
192.168.199.230,,1
,205200cdaac61b110838556b834070d1,1
192.168.199.51,,2
,de350869b8c85de67a350c8d186f11e6,2
192.168.2.106,,2
,de350869b8c85de67a350c8d186f11e6,2
192.168.2.122,,2
,de350869b8c85de67a350c8d186f11e6,2
192.168.2.147,,2
,de350869b8c85de67a350c8d186f11e6,2
192.168.2.33,,12
,de350869b8c85de67a350c8d186f11e6,12
192.168.2.43,,2
,de350869b8c85de67a350c8d186f11e6,2
192.168.2.58,,2
,de350869b8c85de67a350c8d186f11e6,2
192.168.20.146,,2
,de350869b8c85de67a350c8d186f11e6,2
192.168.20.19,,2
,de350869b8c85de67a350c8d186f11e6,2
192.168.20.206,,2
,de350869b8c85de67a350c8d186f11e6,2
192.168.20.3,,1
,205200cdaac61b110838556b834070d1,1
192.168.20.6,,12
,de350869b8c85de67a350c8d186f11e6,12
192.168.20.7,,2
,de350869b8c85de67a350c8d186f11e6,2
192.168.20.97,,2
,535aca3d99fc247509cd50933cd71d37,2
192.168.200.16,,2
,de350869b8c85de67a350c8d186f11e6,2
192.168.200.164,,12
,de350869b8c85de67a350c8d186f11e6,12
192.168.200.77,,2
,de350869b8c85de67a350c8d186f11e6,2
192.168.201.11,,2
,de350869b8c85de67a350c8d186f11e6,2
192.168.201.209,,12
,de350869b8c85de67a350c8d186f11e6,12
192.168.201.221,,1
,205200cdaac61b110838556b834070d1,1
192.168.201.4,,12
,de350869b8c85de67a350c8d186f11e6,12
192.168.201.40,,2
,4d7a28d6f2263ed61de88ca66eb011e3,2
192.168.201.5,,1
,de350869b8c85de67a350c8d186f11e6,1
192.168.202.10,,1
,205200cdaac61b110838556b834070d1,1
192.168.202.197,,2
,4d7a28d6f2263ed61de88ca66eb011e3,2
192.168.202.98,,2
,de350869b8c85de67a350c8d186f11e6,2
192.168.203.140,,1
,de350869b8c85de67a350c8d186f11e6,1
192.168.203.225,,2
,de350869b8c85de67a350c8d186f11e6,2
192.168.204.144,,1
,de350869b8c85de67a350c8d186f11e6,1
192.168.204.164,,10
,de350869b8c85de67a350c8d186f11e6,10
192.168.205.103,,2
,de350869b8c85de67a350c8d186f11e6,2
192.168.205.125,,10
,de350869b8c85de67a350c8d186f11e6,10
192.168.205.128,,12
,de350869b8c85de67a350c8d186f11e6,12
192.168.205.172,,20
,455bd65d382d4741f0e48654f27cbe80,20
192.168.205.199,,1
,5001b4c2a48c94b76ca1f0199345fe60,1
192.168.205.236,,4
,de350869b8c85de67a350c8d186f11e6,4
192.168.205.53,,1
,4d7a28d6f2263ed61de88ca66eb011e3,1
192.168.206.103,,63
,234ff1b275ab729b80e8d13817e1e57b,63
192.168.206.140,,5
,de350869b8c85de67a350c8d186f11e6,5
192.168.206.147,,1
,535aca3d99fc247509cd50933cd71d37,1
192.168.206.187,,2
,205200cdaac61b110838556b834070d1,2
192.168.206.252,,1
,de350869b8c85de67a350c8d186f11e6,1
192.168.206.31,,2
,4d7a28d6f2263ed61de88ca66eb011e3,2
192.168.207.0,,2
,205200cdaac61b110838556b834070d1,2
192.168.207.122,,10
,de350869b8c85de67a350c8d186f11e6,10
192.168.207.134,,2
,de350869b8c85de67a350c8d186f11e6,2
192.168.207.201,,10
,de350869b8c85de67a350c8d186f11e6,10
192.168.207.225,,2
,de350869b8c85de67a350c8d186f11e6,2
192.168.207.31,,2
,de350869b8c85de67a350c8d186f11e6,2
192.168.207.4,,12
,de350869b8c85de67a350c8d186f11e6,12
192.168.207.60,,2
,1d095e68489d3c535297cd8dffb06cb9,2
192.168.208.157,,8
,de350869b8c85de67a350c8d186f11e6,8
192.168.208.178,,2
,de350869b8c85de67a350c8d186f11e6,2
192.168.208.230,,1
,205200cdaac61b110838556b834070d1,1
192.168.208.48,,12
,de350869b8c85de67a350c8d186f11e6,12
192.168.208.55,,3
,1d095e68489d3c535297cd8dffb06cb9,3
192.168.209.128,,2
,c992ef0133932fc0f35a8f5c743d738b,2
192.168.209.162,,2
,205200cdaac61b110838556b834070d1,2
192.168.209.171,,12
,de350869b8c85de67a350c8d186f11e6,12
192.168.209.240,,4
,de350869b8c85de67a350c8d186f11e6,4
192.168.209.34,,3
,205200cdaac61b110838556b834070d1,3
192.168.209.39,,12
,de350869b8c85de67a350c8d186f11e6,12
192.168.21.144,,2
,de350869b8c85de67a350c8d186f11e6,2
192.168.21.160,,12
,de350869b8c85de67a350c8d186f11e6,12
192.168.210.161,,1
,de350869b8c85de67a350c8d186f11e6,1
192.168.210.226,,12
,de350869b8c85de67a350c8d186f11e6,12
192.168.210.239,,1
,205200cdaac61b110838556b834070d1,1
192.168.210.83,,12
,de350869b8c85de67a350c8d186f11e6,12
192.168.210.89,,8
,de350869b8c85de67a350c8d186f11e6,8
192.168.211.198,,1
,de350869b8c85de67a350c8d186f11e6,1
192.168.211.88,,12
,de350869b8c85de67a350c8d186f11e6,12
192.168.212.13,,9
,de350869b8c85de67a350c8d186f11e6,9
192.168.212.177,,8
,de350869b8c85de67a350c8d186f11e6,8
192.168.212.211,,1
,1fe4c7a3544eb27afec2adfb3a3dbf60,1
192.168.212.230,,9
,887983fd07ed0d10e96e7f002b323a43,9
192.168.212.80,,2
,de350869b8c85de67a350c8d186f11e6,2
192.168.212.89,,9
,de350869b8c85de67a350c8d186f11e6,9
192.168.213.132,,6
,de350869b8c85de67a350c8d186f11e6,6
192.168.213.62,,2
,4d7a28d6f2263ed61de88ca66eb011e3,2
192.168.214.151,,2
,de350869b8c85de67a350c8d186f11e6,2
192.168.214.202,,3
,4d7a28d6f2263ed61de88ca66eb011e3,3
192.168.214.60,,12
,de350869b8c85de67a350c8d186f11e6,12
192.168.215.107,,8
,de350869b8c85de67a350c8d186f11e6,8
192.168.215.122,,2
,de350869b8c85de67a350c8d186f11e6,2
192.168.215.37,,1
,205200cdaac61b110838556b834070d1,1
192.168.216.165,,2
,de350869b8c85de67a350c8d186f11e6,2
192.168.216.170,,2
,205200cdaac61b110838556b834070d1,2
192.168.216.178,,1
,4d7a28d6f2263ed61de88ca66eb011e3,1
192.168.216.185,,8
,de350869b8c85de67a350c8d186f11e6,8
192.168.216.41,,1
,de350869b8c85de67a350c8d186f11e6,1
192.168.216.8,,9
,de350869b8c85de67a350c8d186f11e6,9
192.168.217.125,,1
,205200cdaac61b110838556b834070d1,1
192.168.217.165,,2
,de350869b8c85de67a350c8d186f11e6,2
192.168.217.181,,2
,de350869b8c85de67a350c8d186f11e6,2
192.168.217.33,,8
,de350869b8c85de67a350c8d186f11e6,8
192.168.217.56,,3
,de350869b8c85de67a350c8d186f11e6,3
192.168.218.130,,3
,de350869b8c85de67a350c8d186f11e6,3
192.168.218.150,,12
,de350869b8c85de67a350c8d186f11e6,12
192.168.218.163,,12
,de350869b8c85de67a350c8d186f11e6,12
192.168.218.215,,8
,de350869b8c85de67a350c8d186f11e6,8
192.168.218.254,,1
,f436b9416f37d134cadd04886327d3e8,1
192.168.218.64,,2
,de350869b8c85de67a350c8d186f11e6,2
192.168.219.11,,8
,de350869b8c85de67a350c8d186f11e6,8
192.168.219.196,,2
,de350869b8c85de67a350c8d186f11e6,2
192.168.22.156,,2
,de350869b8c85de67a350c8d186f11e6,2
192.168.22.179,,12
,de350869b8c85de67a350c8d186f11e6,12
192.168.22.211,,8
,de350869b8c85de67a350c8d186f11e6,8
192.168.22.22,,4
,de350869b8c85de67a350c8d186f11e6,4
192.168.22.223,,11
,205200cdaac61b110838556b834070d1,11
192.168.22.244,,8
,de350869b8c85de67a350c8d186f11e6,8
192.168.22.43,,1
,205200cdaac61b110838556b834070d1,1
192.168.22.74,,8
,de350869b8c85de67a350c8d186f11e6,8
192.168.22.75,,8
,de350869b8c85de67a350c8d186f11e6,8
192.168.220.172,,8
,de350869b8c85de67a350c8d186f11e6,8
192.168.220.176,,1
,205200cdaac61b110838556b834070d1,1
192.168.220.192,,2
,de350869b8c85de67a350c8d186f11e6,2
192.168.220.202,,2
,de350869b8c85de67a350c8d186f11e6,2
192.168.220.215,,2
,de350869b8c85de67a350c8d186f11e6,2
192.168.220.46,,9
,887983fd07ed0d10e96e7f002b323a43,9
192.168.220.82,,2
,de350869b8c85de67a350c8d186f11e6,2
192.168.221.170,,1
,88afa0dea1608e28f50acbad32d7f195,1
192.168.221.229,,3
,de350869b8c85de67a350c8d186f11e6,3
192.168.221.245,,2
,de350869b8c85de67a350c8d186f11e6,2
192.168.222.113,,2
,205200cdaac61b110838556b834070d1,2
192.168.222.179,,2
,de350869b8c85de67a350c8d186f11e6,2
192.168.222.245,,2
,4d7a28d6f2263ed61de88ca66eb011e3,2
192.168.222.253,,8
,de350869b8c85de67a350c8d186f11e6,8
192.168.223.10,,2
,de350869b8c85de67a350c8d186f11e6,2
192.168.223.11,,2
,205200cdaac61b110838556b834070d1,2
192.168.223.133,,4
,de350869b8c85de67a350c8d186f11e6,4
192.168.223.136,,12
,de350869b8c85de67a350c8d186f11e6,12
192.168.223.17,,8
,de350869b8c85de67a350c8d186f11e6,8
192.168.223.172,,2
,de350869b8c85de67a350c8d186f11e6,2
192.168.223.202,,2
,de350869b8c85de67a350c8d186f11e6,2
192.168.223.220,,2
,de350869b8c85de67a350c8d186f11e6,2
192.168.223.250,,4
,de350869b8c85de67a350c8d186f11e6,4
192.168.223.252,,2
,de350869b8c85de67a350c8d186f11e6,2
192.168.223.45,,1
,205200cdaac61b110838556b834070d1,1
192.168.223.81,,2
,de350869b8c85de67a350c8d186f11e6,2
192.168.224.167,,12
,de350869b8c85de67a350c8d186f11e6,12
192.168.224.241,,4
,de350869b8c85de67a350c8d186f11e6,4
192.168.224.245,,2
,de350869b8c85de67a350c8d186f11e6,2
192.168.224.79,,2
,de350869b8c85de67a350c8d186f11e6,2
192.168.224.8,,8
,de350869b8c85de67a350c8d186f11e6,8
192.168.225.167,,14
,d7150af4514b868defb854db0f62a441,14
192.168.225.171,,8
,de350869b8c85de67a350c8d186f11e6,8
192.168.225.231,,1
,de350869b8c85de67a350c8d186f11e6,1
192.168.225.7,,1
,2a458dd9c65afbcf591cd8c2a194b804,1
192.168.226.177,,2
,de350869b8c85de67a350c8d186f11e6,2
192.168.226.21,,8
,de350869b8c85de67a350c8d186f11e6,8
192.168.226.65,,9
,de350869b8c85de67a350c8d186f11e6,9
192.168.226.82,,2
,de350869b8c85de67a350c8d186f11e6,2
192.168.227.10,,7
,205200cdaac61b110838556b834070d1,7
192.168.227.174,,2
,de350869b8c85de67a350c8d186f11e6,2
192.168.227.182,,1
,4d7a28d6f2263ed61de88ca66eb011e3,1
192.168.227.35,,1
,4d7a28d6f2263ed61de88ca66eb011e3,1
192.168.227.9,,1
,35ed9d26feeb821f643139efe2a9a459,1
192.168.227.91,,9
,de350869b8c85de67a350c8d186f11e6,9
192.168.228.146,,34
,de350869b8c85de67a350c8d186f11e6,34
192.168.228.164,,8
,de350869b8c85de67a350c8d186f11e6,8
192.168.228.227,,2
,de350869b8c85de67a350c8d186f11e6,2
192.168.228.92,,1
,de350869b8c85de67a350c8d186f11e6,1
192.168.229.42,,9
,de350869b8c85de67a350c8d186f11e6,9
192.168.23.133,,2
,de350869b8c85de67a350c8d186f11e6,2
192.168.23.171,,2
,de350869b8c85de67a350c8d186f11e6,2
192.168.23.185,,2
,de350869b8c85de67a350c8d186f11e6,2
192.168.23.205,,1
,de350869b8c85de67a350c8d186f11e6,1
192.168.23.234,,2
,de350869b8c85de67a350c8d186f11e6,2
192.168.23.248,,9
,4d7a28d6f2263ed61de88ca66eb011e3,9
192.168.23.25,,1
,de350869b8c85de67a350c8d186f11e6,1
192.168.23.58,,9
,de350869b8c85de67a350c8d186f11e6,9
192.168.23.92,,6
,4d7a28d6f2263ed61de88ca66eb011e3,6
192.168.23.93,,9
,de350869b8c85de67a350c8d186f11e6,9
192.168.230.112,,10
,de350869b8c85de67a350c8d186f11e6,10
192.168.230.29,,2
,de350869b8c85de67a350c8d186f11e6,2
192.168.231.121,,4
,de350869b8c85de67a350c8d186f11e6,4
192.168.231.141,,8
,de350869b8c85de67a350c8d186f11e6,8
192.168.231.180,,2
,de350869b8c85de67a350c8d186f11e6,2
192.168.231.24,,12
,de350869b8c85de67a350c8d186f11e6,12
192.168.231.5,,8
,887983fd07ed0d10e96e7f002b323a43,8
192.168.231.82,,20
,35a73cfed9d010bbf092d2f22e797944,20
192.168.231.96,,8
,de350869b8c85de67a350c8d186f11e6,8
192.168.232.100,,1
,de350869b8c85de67a350c8d186f11e6,1
192.168.232.195,,2
,de350869b8c85de67a350c8d186f11e6,2
192.168.232.244,,12
,de350869b8c85de67a350c8d186f11e6,12
192.168.232.62,,2
,de350869b8c85de67a350c8d186f11e6,2
192.168.232.80,,1
,1d095e68489d3c535297cd8dffb06cb9,1
192.168.233.100,,2
,de350869b8c85de67a350c8d186f11e6,2
192.168.233.11,,8
,de350869b8c85de67a350c8d186f11e6,8
192.168.233.147,,2
,de350869b8c85de67a350c8d186f11e6,2
192.168.233.172,,2
,de350869b8c85de67a350c8d186f11e6,2
192.168.233.190,,3
,de350869b8c85de67a350c8d186f11e6,3
192.168.233.57,,1
,de350869b8c85de67a350c8d186f11e6,1
192.168.234.157,,12
,de350869b8c85de67a350c8d186f11e6,12
192.168.234.230,,9
,de350869b8c85de67a350c8d186f11e6,9
192.168.234.63,,2
,d7150af4514b868defb854db0f62a441,2
192.168.234.7,,1
,205200cdaac61b110838556b834070d1,1
192.168.234.86,,2
,de350869b8c85de67a350c8d186f11e6,2
192.168.234.95,,1
,de350869b8c85de67a350c8d186f11e6,1
192.168.235.32,,2
,205200cdaac61b110838556b834070d1,2
192.168.235.45,,3
,de350869b8c85de67a350c8d186f11e6,3
192.168.236.185,,1
,205200cdaac61b110838556b834070d1,1
192.168.236.39,,1
,1d095e68489d3c535297cd8dffb06cb9,1
192.168.237.0,,2
,de350869b8c85de67a350c8d186f11e6,2
192.168.237.144,,16
,32f9394763a922d31877fad9aa9b3773,15
,de350869b8c85de67a350c8d186f11e6,1
192.168.237.74,,8
,de350869b8c85de67a350c8d186f11e6,8
192.168.238.148,,1
,1d095e68489d3c535297cd8dffb06cb9,1
192.168.238.188,,1
,de350869b8c85de67a350c8d186f11e6,1
192.168.238.201,,3
,de350869b8c85de67a350c8d186f11e6,3
192.168.239.104,,15
,de350869b8c85de67a350c8d186f11e6,15
192.168.239.111,,2
,de350869b8c85de67a350c8d186f11e6,2
192.168.239.37,,2
,de350869b8c85de67a350c8d186f11e6,2
192.168.239.54,,9
,de350869b8c85de67a350c8d186f11e6,9
192.168.24.151,,8
,de350869b8c85de67a350c8d186f11e6,8
192.168.24.208,,12
,de350869b8c85de67a350c8d186f11e6,12
192.168.24.221,,9
,de350869b8c85de67a350c8d186f11e6,9
192.168.24.247,,12
,de350869b8c85de67a350c8d186f11e6,12
192.168.24.47,,8
,de350869b8c85de67a350c8d186f11e6,8
192.168.24.63,,2
,de350869b8c85de67a350c8d186f11e6,2
192.168.24.95,,2
,b640e49b584058991bb6b91dc5d2bbb9,2
192.168.240.111,,5
,de350869b8c85de67a350c8d186f11e6,5
192.168.240.175,,1
,4d7a28d6f2263ed61de88ca66eb011e3,1
192.168.240.192,,8
,de350869b8c85de67a350c8d186f11e6,8
192.168.240.206,,2
,de350869b8c85de67a350c8d186f11e6,2
192.168.240.50,,1
,810697754393ebcebe7efd53abfbfa31,1
192.168.241.163,,8
,de350869b8c85de67a350c8d186f11e6,8
192.168.241.72,,2
,de350869b8c85de67a350c8d186f11e6,2
192.168.241.89,,12
,de350869b8c85de67a350c8d186f11e6,12
192.168.242.108,,6
,de350869b8c85de67a350c8d186f11e6,6
192.168.242.150,,3
,de350869b8c85de67a350c8d186f11e6,3
192.168.242.175,,2
,de350869b8c85de67a350c8d186f11e6,2
192.168.242.51,,8
,de350869b8c85de67a350c8d186f11e6,8
192.168.242.54,,1
,f436b9416f37d134cadd04886327d3e8,1
192.168.242.79,,7
,de350869b8c85de67a350c8d186f11e6,7
192.168.242.89,,1
,de350869b8c85de67a350c8d186f11e6,1
192.168.242.95,,1
,4d7a28d6f2263ed61de88ca66eb011e3,1
192.168.243.102,,14
,4d7a28d6f2263ed61de88ca66eb011e3,14
192.168.243.126,,9
,de350869b8c85de67a350c8d186f11e6,9
192.168.243.13,,2
,de350869b8c85de67a350c8d186f11e6,2
192.168.243.130,,13
,de350869b8c85de67a350c8d186f11e6,13
192.168.243.240,,1
,4d7a28d6f2263ed61de88ca66eb011e3,1
192.168.243.245,,2
,de350869b8c85de67a350c8d186f11e6,2
192.168.243.7,,7
,de350869b8c85de67a350c8d186f11e6,7
192.168.243.93,,12
,de350869b8c85de67a350c8d186f11e6,12
192.168.244.152,,2
,de350869b8c85de67a350c8d186f11e6,2
192.168.244.156,,1
,1d095e68489d3c535297cd8dffb06cb9,1
192.168.244.170,,2
,205200cdaac61b110838556b834070d1,2
192.168.244.18,,1
,4d7a28d6f2263ed61de88ca66eb011e3,1
192.168.244.41,,2
,de350869b8c85de67a350c8d186f11e6,2
192.168.244.9,,8
,de350869b8c85de67a350c8d186f11e6,8
192.168.245.101,,4
,4d7a28d6f2263ed61de88ca66eb011e3,4
192.168.245.179,,5
,4d7a28d6f2263ed61de88ca66eb011e3,5
192.168.245.185,,4
,35a73cfed9d010bbf092d2f22e797944,4
192.168.245.190,,2
,de350869b8c85de67a350c8d186f11e6,2
192.168.245.229,,8
,de350869b8c85de67a350c8d186f11e6,8
192.168.245.50,,6
,32f9394763a922d31877fad9aa9b3773,4
,de350869b8c85de67a350c8d186f11e6,2
192.168.245.79,,8
,de350869b8c85de67a350c8d186f11e6,8
192.168.246.145,,8
,de350869b8c85de67a350c8d186f11e6,8
192.168.246.231,,1
,de350869b8c85de67a350c8d186f11e6,1
192.168.246.245,,12
,de350869b8c85de67a350c8d186f11e6,12
192.168.247.103,,13
,d7150af4514b868defb854db0f62a441,13
192.168.247.13,,12
,de350869b8c85de67a350c8d186f11e6,12
192.168.247.140,,12
,de350869b8c85de67a350c8d186f11e6,12
192.168.247.156,,8
,de350869b8c85de67a350c8d186f11e6,8
192.168.247.199,,9
,de350869b8c85de67a350c8d186f11e6,9
192.168.247.234,,1
,205200cdaac61b110838556b834070d1,1
192.168.247.32,,12
,de350869b8c85de67a350c8d186f11e6,12
192.168.248.124,,2
,de350869b8c85de67a350c8d186f11e6,2
192.168.248.213,,12
,de350869b8c85de67a350c8d186f11e6,12
192.168.248.56,,4
,de350869b8c85de67a350c8d186f11e6,4
192.168.248.88,,10
,887983fd07ed0d10e96e7f002b323a43,10
192.168.249.121,,12
,de350869b8c85de67a350c8d186f11e6,12
192.168.249.131,,2
,de350869b8c85de67a350c8d186f11e6,2
192.168.249.4,,12
,de350869b8c85de67a350c8d186f11e6,12
192.168.249.92,,12
,de350869b8c85de67a350c8d186f11e6,12
192.168.25.114,,1
,205200cdaac61b110838556b834070d1,1
192.168.25.116,,8
,de350869b8c85de67a350c8d186f11e6,8
192.168.25.170,,12
,d7150af4514b868defb854db0f62a441,12
192.168.25.194,,2
,f436b9416f37d134cadd04886327d3e8,2
192.168.25.59,,3
,4d7a28d6f2263ed61de88ca66eb011e3,3
192.168.250.175,,1
,de350869b8c85de67a350c8d186f11e6,1
192.168.250.50,,12
,de350869b8c85de67a350c8d186f11e6,12
192.168.251.163,,4
,205200cdaac61b110838556b834070d1,4
192.168.251.213,,2
,de350869b8c85de67a350c8d186f11e6,2
192.168.251.33,,2
,de350869b8c85de67a350c8d186f11e6,2
192.168.252.10,,2
,de350869b8c85de67a350c8d186f11e6,2
192.168.252.146,,9
,de350869b8c85de67a350c8d186f11e6,9
192.168.252.227,,2
,de350869b8c85de67a350c8d186f11e6,2
192.168.252.4,,13
,d7150af4514b868defb854db0f62a441,13
192.168.252.5,,2
,de350869b8c85de67a350c8d186f11e6,2
192.168.253.118,,1
,205200cdaac61b110838556b834070d1,1
192.168.253.134,,9
,de350869b8c85de67a350c8d186f11e6,9
192.168.253.170,,9
,de350869b8c85de67a350c8d186f11e6,9
192.168.253.193,,12
,de350869b8c85de67a350c8d186f11e6,12
192.168.253.20,,2
,4d7a28d6f2263ed61de88ca66eb011e3,2
192.168.253.217,,1
,de350869b8c85de67a350c8d186f11e6,1
192.168.254.101,,1
,88afa0dea1608e28f50acbad32d7f195,1
192.168.254.114,,1
,35ed9d26feeb821f643139efe2a9a459,1
192.168.254.125,,1
,de350869b8c85de67a350c8d186f11e6,1
192.168.254.236,,7
,de350869b8c85de67a350c8d186f11e6,7
192.168.255.123,,1
,205200cdaac61b110838556b834070d1,1
192.168.255.199,,2
,205200cdaac61b110838556b834070d1,2
192.168.255.6,,4
,1b83d0a78a9a1d00fd9b4c6752943a16,4
192.168.255.69,,8
,de350869b8c85de67a350c8d186f11e6,8
192.168.26.112,,2
,de350869b8c85de67a350c8d186f11e6,2
192.168.26.132,,2
,de350869b8c85de67a350c8d186f11e6,2
192.168.26.189,,13
,de350869b8c85de67a350c8d186f11e6,13
192.168.26.202,,1
,de350869b8c85de67a350c8d186f11e6,1
192.168.26.226,,1
,205200cdaac61b110838556b834070d1,1
192.168.26.72,,2
,de350869b8c85de67a350c8d186f11e6,2
192.168.27.117,,3
,4d7a28d6f2263ed61de88ca66eb011e3,3
192.168.27.151,,4
,205200cdaac61b110838556b834070d1,4
192.168.27.197,,1
,de350869b8c85de67a350c8d186f11e6,1
192.168.27.201,,24
,d7150af4514b868defb854db0f62a441,24
192.168.27.223,,3
,de350869b8c85de67a350c8d186f11e6,3
192.168.27.32,,1
,35ed9d26feeb821f643139efe2a9a459,1
192.168.27.51,,9
,de350869b8c85de67a350c8d186f11e6,9
192.168.28.137,,2
,de350869b8c85de67a350c8d186f11e6,2
192.168.28.157,,2
,de350869b8c85de67a350c8d186f11e6,2
192.168.28.170,,2
,de350869b8c85de67a350c8d186f11e6,2
192.168.28.211,,6
,205200cdaac61b110838556b834070d1,6
192.168.28.217,,19
,de350869b8c85de67a350c8d186f11e6,19
192.168.28.249,,3
,de350869b8c85de67a350c8d186f11e6,3
192.168.29.189,,8
,de350869b8c85de67a350c8d186f11e6,8
192.168.29.48,,12
,de350869b8c85de67a350c8d186f11e6,12
192.168.29.90,,10
,de350869b8c85de67a350c8d186f11e6,10
192.168.3.121,,12
,de350869b8c85de67a350c8d186f11e6,12
192.168.3.152,,1
,de350869b8c85de67a350c8d186f11e6,1
192.168.3.218,,2
,de350869b8c85de67a350c8d186f11e6,2
192.168.3.28,,1
,de350869b8c85de67a350c8d186f11e6,1
192.168.30.170,,9
,de350869b8c85de67a350c8d186f11e6,9
192.168.30.231,,12
,de350869b8c85de67a350c8d186f11e6,12
192.168.30.85,,8
,de350869b8c85de67a350c8d186f11e6,8
192.168.31.183,,12
,de350869b8c85de67a350c8d186f11e6,12
192.168.31.196,,2
,4d7a28d6f2263ed61de88ca66eb011e3,2
192.168.31.34,,1
,7ddbbcfee1150597e49e0121e14c7738,1
192.168.31.66,,12
,de350869b8c85de67a350c8d186f11e6,12
192.168.31.79,,22
,35ed9d26feeb821f643139efe2a9a459,11
,de350869b8c85de67a350c8d186f11e6,11
192.168.31.88,,2
,de350869b8c85de67a350c8d186f11e6,2
192.168.31.97,,12
,de350869b8c85de67a350c8d186f11e6,12
192.168.32.186,,12
,de350869b8c85de67a350c8d186f11e6,12
192.168.32.215,,4
,de350869b8c85de67a350c8d186f11e6,4
192.168.32.55,,8
,de350869b8c85de67a350c8d186f11e6,8
192.168.32.61,,11
,de350869b8c85de67a350c8d186f11e6,11
192.168.32.62,,3
,de350869b8c85de67a350c8d186f11e6,3
192.168.33.152,,2
,b102b73a090f4079a02e520bc16cc6cf,2
192.168.33.204,,12
,de350869b8c85de67a350c8d186f11e6,12
192.168.33.21,,2
,de350869b8c85de67a350c8d186f11e6,2
192.168.33.74,,2
,de350869b8c85de67a350c8d186f11e6,2
192.168.33.97,,2
,4d7a28d6f2263ed61de88ca66eb011e3,2
192.168.34.171,,12
,de350869b8c85de67a350c8d186f11e6,12
192.168.34.222,,4
,205200cdaac61b110838556b834070d1,4
192.168.34.64,,1
,de350869b8c85de67a350c8d186f11e6,1
192.168.35.110,,3
,3f2fba0262b1a22b739126dfb2fe7a7d,3
192.168.35.191,,8
,de350869b8c85de67a350c8d186f11e6,8
192.168.35.255,,8
,de350869b8c85de67a350c8d186f11e6,8
192.168.35.8,,1
,205200cdaac61b110838556b834070d1,1
192.168.36.157,,1
,4d7a28d6f2263ed61de88ca66eb011e3,1
192.168.36.181,,6
,a7dfa1673bb090cab6b6658861f43473,6
192.168.36.207,,2
,de350869b8c85de67a350c8d186f11e6,2
192.168.36.217,,9
,de350869b8c85de67a350c8d186f11e6,9
192.168.36.82,,1
,205200cdaac61b110838556b834070d1,1
192.168.37.18,,8
,de350869b8c85de67a350c8d186f11e6,8
192.168.37.187,,2
,de350869b8c85de67a350c8d186f11e6,2
192.168.37.189,,2
,de350869b8c85de67a350c8d186f11e6,2
192.168.37.191,,2
,de350869b8c85de67a350c8d186f11e6,2
192.168.37.227,,6
,de350869b8c85de67a350c8d186f11e6,6
192.168.37.29,,10
,de350869b8c85de67a350c8d186f11e6,10
192.168.37.58,,12
,de350869b8c85de67a350c8d186f11e6,12
192.168.37.80,,9
,de350869b8c85de67a350c8d186f11e6,9
192.168.38.196,,2
,de350869b8c85de67a350c8d186f11e6,2
192.168.38.96,,2
,de350869b8c85de67a350c8d186f11e6,2
192.168.39.10,,2
,de350869b8c85de67a350c8d186f11e6,2
192.168.39.111,,7
,887983fd07ed0d10e96e7f002b323a43,7
192.168.39.123,,1
,de350869b8c85de67a350c8d186f11e6,1
192.168.39.155,,8
,de350869b8c85de67a350c8d186f11e6,8
192.168.39.16,,6
,de350869b8c85de67a350c8d186f11e6,6
192.168.39.164,,1
,d7150af4514b868defb854db0f62a441,1
192.168.39.180,,1
,b102b73a090f4079a02e520bc16cc6cf,1
192.168.39.184,,1
,de350869b8c85de67a350c8d186f11e6,1
192.168.39.206,,2
,de350869b8c85de67a350c8d186f11e6,2
192.168.39.207,,3
,d7150af4514b868defb854db0f62a441,3
192.168.39.252,,3
,de350869b8c85de67a350c8d186f11e6,3
192.168.39.4,,2
,de350869b8c85de67a350c8d186f11e6,2
192.168.39.7,,1
,de350869b8c85de67a350c8d186f11e6,1
192.168.4.183,,2
,de350869b8c85de67a350c8d186f11e6,2
192.168.4.193,,3
,de350869b8c85de67a350c8d186f11e6,3
192.168.4.198,,8
,de350869b8c85de67a350c8d186f11e6,8
192.168.4.208,,1
,de350869b8c85de67a350c8d186f11e6,1
192.168.4.224,,12
,de350869b8c85de67a350c8d186f11e6,12
192.168.4.38,,2
,de350869b8c85de67a350c8d186f11e6,2
192.168.4.41,,20
,887983fd07ed0d10e96e7f002b323a43,20
192.168.4.97,,7
,de350869b8c85de67a350c8d186f11e6,7
192.168.40.122,,2
,de350869b8c85de67a350c8d186f11e6,2
192.168.40.134,,12
,de350869b8c85de67a350c8d186f11e6,12
192.168.40.22,,8
,de350869b8c85de67a350c8d186f11e6,8
192.168.41.56,,4
,de350869b8c85de67a350c8d186f11e6,4
192.168.42.120,,9
,de350869b8c85de67a350c8d186f11e6,9
192.168.42.144,,8
,de350869b8c85de67a350c8d186f11e6,8
192.168.42.160,,1
,9a35e493f961ac377f948690b5334a9c,1
192.168.42.183,,2
,205200cdaac61b110838556b834070d1,2
192.168.42.250,,8
,de350869b8c85de67a350c8d186f11e6,8
192.168.42.30,,9
,de350869b8c85de67a350c8d186f11e6,9
192.168.42.33,,12
,de350869b8c85de67a350c8d186f11e6,12
192.168.42.74,,1
,de350869b8c85de67a350c8d186f11e6,1
192.168.42.83,,2
,de350869b8c85de67a350c8d186f11e6,2
192.168.43.111,,1
,205200cdaac61b110838556b834070d1,1
192.168.43.74,,12
,de350869b8c85de67a350c8d186f11e6,12
192.168.44.154,,8
,de350869b8c85de67a350c8d186f11e6,8
192.168.44.157,,12
,de350869b8c85de67a350c8d186f11e6,12
192.168.44.168,,8
,de350869b8c85de67a350c8d186f11e6,8
192.168.44.238,,2
,de350869b8c85de67a350c8d186f11e6,2
192.168.44.31,,1
,4d7a28d6f2263ed61de88ca66eb011e3,1
192.168.45.1,,5
,205200cdaac61b110838556b834070d1,5
192.168.45.128,,1
,de350869b8c85de67a350c8d186f11e6,1
192.168.45.18,,12
,de350869b8c85de67a350c8d186f11e6,12
192.168.45.45,,12
,13020a4ccb11b2d3c9c0e6c285c3c415,12
192.168.45.8,,2
,4d7a28d6f2263ed61de88ca66eb011e3,2
192.168.45.91,,8
,de350869b8c85de67a350c8d186f11e6,8
192.168.46.200,,12
,de350869b8c85de67a350c8d186f11e6,12
192.168.46.243,,1
,205200cdaac61b110838556b834070d1,1
192.168.46.34,,2
,de350869b8c85de67a350c8d186f11e6,2
192.168.46.6,,12
,de350869b8c85de67a350c8d186f11e6,12
192.168.46.60,,8
,de350869b8c85de67a350c8d186f11e6,8
192.168.46.84,,2
,de350869b8c85de67a350c8d186f11e6,2
192.168.47.150,,9
,de350869b8c85de67a350c8d186f11e6,9
192.168.47.55,,2
,de350869b8c85de67a350c8d186f11e6,2
192.168.48.114,,8
,de350869b8c85de67a350c8d186f11e6,8
192.168.48.2,,2
,de350869b8c85de67a350c8d186f11e6,2
192.168.48.206,,2
,de350869b8c85de67a350c8d186f11e6,2
192.168.48.221,,2
,de350869b8c85de67a350c8d186f11e6,2
192.168.49.125,,8
,de350869b8c85de67a350c8d186f11e6,8
192.168.49.183,,7
,de350869b8c85de67a350c8d186f11e6,7
192.168.49.20,,3
,d7150af4514b868defb854db0f62a441,3
192.168.49.201,,12
,de350869b8c85de67a350c8d186f11e6,12
192.168.49.228,,2
,de350869b8c85de67a350c8d186f11e6,2
192.168.49.229,,9
,de350869b8c85de67a350c8d186f11e6,9
192.168.49.29,,2
,de350869b8c85de67a350c8d186f11e6,2
192.168.49.61,,2
,de350869b8c85de67a350c8d186f11e6,2
192.168.5.204,,8
,de350869b8c85de67a350c8d186f11e6,8
192.168.5.42,,2
,de350869b8c85de67a350c8d186f11e6,2
192.168.5.88,,1
,d7150af4514b868defb854db0f62a441,1
192.168.50.124,,3
,205200cdaac61b110838556b834070d1,3
192.168.50.227,,12
,de350869b8c85de67a350c8d186f11e6,12
192.168.50.240,,13
,d7150af4514b868defb854db0f62a441,13
192.168.51.115,,4
,4d7a28d6f2263ed61de88ca66eb011e3,4
192.168.51.137,,2
,de350869b8c85de67a350c8d186f11e6,2
192.168.51.176,,6
,de350869b8c85de67a350c8d186f11e6,6
192.168.51.236,,19
,887983fd07ed0d10e96e7f002b323a43,19
192.168.51.29,,2
,205200cdaac61b110838556b834070d1,2
192.168.51.36,,1
,de350869b8c85de67a350c8d186f11e6,1
192.168.51.53,,9
,de350869b8c85de67a350c8d186f11e6,9
192.168.52.218,,12
,de350869b8c85de67a350c8d186f11e6,12
192.168.52.47,,1
,4d7a28d6f2263ed61de88ca66eb011e3,1
192.168.53.185,,8
,de350869b8c85de67a350c8d186f11e6,8
192.168.53.216,,12
,de350869b8c85de67a350c8d186f11e6,12
192.168.53.255,,1
,de350869b8c85de67a350c8d186f11e6,1
192.168.53.61,,6
,de350869b8c85de67a350c8d186f11e6,6
192.168.54.23,,12
,de350869b8c85de67a350c8d186f11e6,12
192.168.54.24,,3
,d7150af4514b868defb854db0f62a441,3
192.168.54.243,,8
,de350869b8c85de67a350c8d186f11e6,8
192.168.54.93,,8
,de350869b8c85de67a350c8d186f11e6,8
192.168.55.12,,2
,de350869b8c85de67a350c8d186f11e6,2
192.168.55.128,,9
,de350869b8c85de67a350c8d186f11e6,9
192.168.55.133,,2
,de350869b8c85de67a350c8d186f11e6,2
192.168.55.174,,11
,de350869b8c85de67a350c8d186f11e6,11
192.168.55.195,,9
,de350869b8c85de67a350c8d186f11e6,9
192.168.55.6,,2
,de350869b8c85de67a350c8d186f11e6,2
192.168.56.29,,1
,de350869b8c85de67a350c8d186f11e6,1
192.168.56.4,,8
,de350869b8c85de67a350c8d186f11e6,8
192.168.56.8,,9
,de350869b8c85de67a350c8d186f11e6,9
192.168.57.165,,1
,4d7a28d6f2263ed61de88ca66eb011e3,1
192.168.57.171,,1
,de350869b8c85de67a350c8d186f11e6,1
192.168.57.226,,14
,de350869b8c85de67a350c8d186f11e6,14
192.168.57.31,,1
,de350869b8c85de67a350c8d186f11e6,1
192.168.57.71,,2
,de350869b8c85de67a350c8d186f11e6,2
192.168.57.81,,4
,de350869b8c85de67a350c8d186f11e6,4
192.168.58.228,,9
,de350869b8c85de67a350c8d186f11e6,9
192.168.58.35,,12
,de350869b8c85de67a350c8d186f11e6,12
192.168.58.96,,1
,4d7a28d6f2263ed61de88ca66eb011e3,1
192.168.59.167,,1
,1b83d0a78a9a1d00fd9b4c6752943a16,1
192.168.59.217,,2
,5c0d9c84ea18cf452700885044feff7b,2
192.168.59.33,,2
,de350869b8c85de67a350c8d186f11e6,2
192.168.59.88,,2
,de350869b8c85de67a350c8d186f11e6,2
192.168.6.110,,6
,887983fd07ed0d10e96e7f002b323a43,6
192.168.6.137,,8
,de350869b8c85de67a350c8d186f11e6,8
192.168.6.160,,1
,205200cdaac61b110838556b834070d1,1
192.168.6.215,,12
,de350869b8c85de67a350c8d186f11e6,12
192.168.6.229,,1
,205200cdaac61b110838556b834070d1,1
192.168.6.61,,2
,de350869b8c85de67a350c8d186f11e6,2
192.168.6.86,,7
,de350869b8c85de67a350c8d186f11e6,7
192.168.60.114,,12
,de350869b8c85de67a350c8d186f11e6,12
192.168.60.125,,12
,de350869b8c85de67a350c8d186f11e6,12
192.168.60.162,,8
,de350869b8c85de67a350c8d186f11e6,8
192.168.60.218,,2
,de350869b8c85de67a350c8d186f11e6,2
192.168.60.236,,1
,8847c56548553c53f4e3313a6a438085,1
192.168.60.66,,1
,de350869b8c85de67a350c8d186f11e6,1
192.168.61.102,,12
,de350869b8c85de67a350c8d186f11e6,12
192.168.61.132,,2
,205200cdaac61b110838556b834070d1,2
192.168.61.135,,2
,de350869b8c85de67a350c8d186f11e6,2
192.168.62.15,,8
,de350869b8c85de67a350c8d186f11e6,8
192.168.62.188,,16
,de350869b8c85de67a350c8d186f11e6,16
192.168.62.197,,8
,de350869b8c85de67a350c8d186f11e6,8
192.168.62.212,,9
,887983fd07ed0d10e96e7f002b323a43,9
192.168.62.77,,12
,de350869b8c85de67a350c8d186f11e6,12
192.168.63.107,,2
,de350869b8c85de67a350c8d186f11e6,2
192.168.63.58,,2
,de350869b8c85de67a350c8d186f11e6,2
192.168.64.11,,1
,de350869b8c85de67a350c8d186f11e6,1
192.168.64.121,,8
,205200cdaac61b110838556b834070d1,8
192.168.64.135,,9
,de350869b8c85de67a350c8d186f11e6,9
192.168.64.152,,2
,de350869b8c85de67a350c8d186f11e6,2
192.168.65.0,,1
,de350869b8c85de67a350c8d186f11e6,1
192.168.65.189,,2
,de350869b8c85de67a350c8d186f11e6,2
192.168.65.214,,2
,de350869b8c85de67a350c8d186f11e6,2
192.168.65.26,,2
,de350869b8c85de67a350c8d186f11e6,2
192.168.65.46,,3
,4d7a28d6f2263ed61de88ca66eb011e3,3
192.168.65.86,,12
,de350869b8c85de67a350c8d186f11e6,12
192.168.66.0,,2
,205200cdaac61b110838556b834070d1,2
192.168.66.102,,2
,35ed9d26feeb821f643139efe2a9a459,1
,de350869b8c85de67a350c8d186f11e6,1
192.168.66.105,,8
,de350869b8c85de67a350c8d186f11e6,8
192.168.66.150,,9
,de350869b8c85de67a350c8d186f11e6,9
192.168.66.67,,2
,de350869b8c85de67a350c8d186f11e6,2
192.168.66.73,,8
,de350869b8c85de67a350c8d186f11e6,8
192.168.67.131,,1
,de350869b8c85de67a350c8d186f11e6,1
192.168.67.147,,2
,de350869b8c85de67a350c8d186f11e6,2
192.168.67.149,,2
,de350869b8c85de67a350c8d186f11e6,2
192.168.67.212,,12
,de350869b8c85de67a350c8d186f11e6,12
192.168.67.56,,3
,de350869b8c85de67a350c8d186f11e6,3
192.168.67.83,,8
,de350869b8c85de67a350c8d186f11e6,8
192.168.67.94,,5
,205200cdaac61b110838556b834070d1,5
192.168.68.119,,2
,de350869b8c85de67a350c8d186f11e6,2
192.168.68.251,,12
,de350869b8c85de67a350c8d186f11e6,12
192.168.68.31,,2
,de350869b8c85de67a350c8d186f11e6,2
192.168.68.47,,12
,de350869b8c85de67a350c8d186f11e6,12
192.168.68.87,,4
,205200cdaac61b110838556b834070d1,4
192.168.69.248,,2
,4d7a28d6f2263ed61de88ca66eb011e3,2
192.168.69.61,,2
,35ed9d26feeb821f643139efe2a9a459,1
,de350869b8c85de67a350c8d186f11e6,1
192.168.69.73,,2
,de350869b8c85de67a350c8d186f11e6,2
192.168.69.91,,12
,d7150af4514b868defb854db0f62a441,12
192.168.69.99,,47
,887983fd07ed0d10e96e7f002b323a43,47
192.168.7.111,,2
,de350869b8c85de67a350c8d186f11e6,2
192.168.7.13,,2
,de350869b8c85de67a350c8d186f11e6,2
192.168.7.153,,2
,205200cdaac61b110838556b834070d1,2
192.168.7.205,,2
,de350869b8c85de67a350c8d186f11e6,2
192.168.7.21,,2
,de350869b8c85de67a350c8d186f11e6,2
192.168.7.212,,8
,de350869b8c85de67a350c8d186f11e6,8
192.168.7.88,,12
,de350869b8c85de67a350c8d186f11e6,12
192.168.70.159,,6
,de350869b8c85de67a350c8d186f11e6,6
192.168.70.32,,2
,1d095e68489d3c535297cd8dffb06cb9,2
192.168.70.54,,2
,de350869b8c85de67a350c8d186f11e6,2
192.168.71.131,,1
,de350869b8c85de67a350c8d186f11e6,1
192.168.71.146,,2
,de350869b8c85de67a350c8d186f11e6,2
192.168.71.149,,2
,de350869b8c85de67a350c8d186f11e6,2
192.168.71.197,,12
,de350869b8c85de67a350c8d186f11e6,12
192.168.71.243,,2
,205200cdaac61b110838556b834070d1,2
192.168.71.72,,12
,de350869b8c85de67a350c8d186f11e6,12
192.168.72.132,,12
,de350869b8c85de67a350c8d186f11e6,12
192.168.72.16,,2
,de350869b8c85de67a350c8d186f11e6,2
192.168.72.17,,9
,de350869b8c85de67a350c8d186f11e6,9
192.168.72.230,,8
,de350869b8c85de67a350c8d186f11e6,8
192.168.72.38,,2
,de350869b8c85de67a350c8d186f11e6,2
192.168.72.67,,2
,de350869b8c85de67a350c8d186f11e6,2
192.168.73.220,,2
,de350869b8c85de67a350c8d186f11e6,2
192.168.73.233,,12
,de350869b8c85de67a350c8d186f11e6,12
192.168.73.242,,1
,de350869b8c85de67a350c8d186f11e6,1
192.168.74.145,,5
,de350869b8c85de67a350c8d186f11e6,5
192.168.74.201,,13
,d7150af4514b868defb854db0f62a441,13
192.168.74.21,,1
,d7150af4514b868defb854db0f62a441,1
192.168.74.246,,4
,de350869b8c85de67a350c8d186f11e6,4
192.168.74.29,,2
,b102b73a090f4079a02e520bc16cc6cf,2
192.168.74.8,,3
,205200cdaac61b110838556b834070d1,3
192.168.74.97,,8
,de350869b8c85de67a350c8d186f11e6,8
192.168.75.1,,2
,de350869b8c85de67a350c8d186f11e6,2
192.168.75.140,,8
,de350869b8c85de67a350c8d186f11e6,8
192.168.75.142,,2
,35ed9d26feeb821f643139efe2a9a459,1
,de350869b8c85de67a350c8d186f11e6,1
192.168.75.243,,8
,de350869b8c85de67a350c8d186f11e6,8
192.168.75.37,,2
,35ed9d26feeb821f643139efe2a9a459,1
,de350869b8c85de67a350c8d186f11e6,1
192.168.75.62,,12
,de350869b8c85de67a350c8d186f11e6,12
192.168.75.73,,9
,205200cdaac61b110838556b834070d1,9
192.168.75.92,,8
,de350869b8c85de67a350c8d186f11e6,8
192.168.76.119,,3
,887983fd07ed0d10e96e7f002b323a43,3
192.168.76.128,,1
,de350869b8c85de67a350c8d186f11e6,1
192.168.76.162,,16
,de350869b8c85de67a350c8d186f11e6,16
192.168.76.21,,8
,de350869b8c85de67a350c8d186f11e6,8
192.168.77.104,,13
,d7150af4514b868defb854db0f62a441,13
192.168.77.11,,12
,de350869b8c85de67a350c8d186f11e6,12
192.168.77.167,,1
,4d7a28d6f2263ed61de88ca66eb011e3,1
192.168.77.185,,1
,de350869b8c85de67a350c8d186f11e6,1
192.168.77.66,,12
,de350869b8c85de67a350c8d186f11e6,12
192.168.77.80,,12
,de350869b8c85de67a350c8d186f11e6,12
192.168.77.98,,1
,de350869b8c85de67a350c8d186f11e6,1
192.168.78.130,,2
,4d7a28d6f2263ed61de88ca66eb011e3,2
192.168.78.217,,2
,de350869b8c85de67a350c8d186f11e6,2
192.168.79.142,,8
,de350869b8c85de67a350c8d186f11e6,8
192.168.79.196,,8
,de350869b8c85de67a350c8d186f11e6,8
192.168.79.234,,1
,de350869b8c85de67a350c8d186f11e6,1
192.168.79.32,,12
,de350869b8c85de67a350c8d186f11e6,12
192.168.79.83,,2
,de350869b8c85de67a350c8d186f11e6,2
192.168.8.108,,9
,de350869b8c85de67a350c8d186f11e6,9
192.168.8.131,,8
,de350869b8c85de67a350c8d186f11e6,8
192.168.8.188,,8
,de350869b8c85de67a350c8d186f11e6,8
192.168.8.195,,8
,de350869b8c85de67a350c8d186f11e6,8
192.168.8.197,,7
,de350869b8c85de67a350c8d186f11e6,7
192.168.8.244,,8
,de350869b8c85de67a350c8d186f11e6,8
192.168.8.32,,8
,de350869b8c85de67a350c8d186f11e6,8
192.168.8.66,,12
,de350869b8c85de67a350c8d186f11e6,12
192.168.8.87,,2
,de350869b8c85de67a350c8d186f11e6,2
192.168.80.159,,2
,1bd0ea95385ea809eea3855eb572d634,2
192.168.80.182,,2
,de350869b8c85de67a350c8d186f11e6,2
192.168.80.3,,12
,de350869b8c85de67a350c8d186f11e6,12
192.168.81.124,,8
,de350869b8c85de67a350c8d186f11e6,8
192.168.81.15,,2
,de350869b8c85de67a350c8d186f11e6,2
192.168.81.154,,9
,de350869b8c85de67a350c8d186f11e6,9
192.168.81.159,,12
,de350869b8c85de67a350c8d186f11e6,12
192.168.81.163,,5
,205200cdaac61b110838556b834070d1,5
192.168.81.189,,1
,de350869b8c85de67a350c8d186f11e6,1
192.168.82.138,,2
,de350869b8c85de67a350c8d186f11e6,2
192.168.82.217,,1
,de350869b8c85de67a350c8d186f11e6,1
192.168.82.75,,2
,de350869b8c85de67a350c8d186f11e6,2
192.168.82.94,,2
,de350869b8c85de67a350c8d186f11e6,2
192.168.83.172,,1
,205200cdaac61b110838556b834070d1,1
192.168.83.186,,19
,de350869b8c85de67a350c8d186f11e6,19
192.168.83.208,,8
,de350869b8c85de67a350c8d186f11e6,8
192.168.83.253,,12
,de350869b8c85de67a350c8d186f11e6,12
192.168.83.32,,6
,de350869b8c85de67a350c8d186f11e6,6
192.168.83.36,,1
,88afa0dea1608e28f50acbad32d7f195,1
192.168.83.58,,2
,de350869b8c85de67a350c8d186f11e6,2
192.168.84.110,,8
,de350869b8c85de67a350c8d186f11e6,8
192.168.84.70,,9
,de350869b8c85de67a350c8d186f11e6,9
192.168.84.82,,1
,2a458dd9c65afbcf591cd8c2a194b804,1
192.168.85.106,,3
,de350869b8c85de67a350c8d186f11e6,3
192.168.85.175,,2
,de350869b8c85de67a350c8d186f11e6,2
192.168.85.38,,2
,de350869b8c85de67a350c8d186f11e6,2
192.168.86.115,,4
,de350869b8c85de67a350c8d186f11e6,4
192.168.86.130,,1
,4d7a28d6f2263ed61de88ca66eb011e3,1
192.168.86.160,,9
,de350869b8c85de67a350c8d186f11e6,9
192.168.86.161,,4
,de350869b8c85de67a350c8d186f11e6,4
192.168.86.198,,2
,de350869b8c85de67a350c8d186f11e6,2
192.168.86.34,,1
,1fe4c7a3544eb27afec2adfb3a3dbf60,1
192.168.87.153,,2
,de350869b8c85de67a350c8d186f11e6,2
192.168.87.228,,2
,de350869b8c85de67a350c8d186f11e6,2
192.168.87.56,,2
,de350869b8c85de67a350c8d186f11e6,2
192.168.88.190,,5
,de350869b8c85de67a350c8d186f11e6,5
192.168.88.195,,2
,de350869b8c85de67a350c8d186f11e6,2
192.168.88.3,,2
,de350869b8c85de67a350c8d186f11e6,2
192.168.89.136,,8
,de350869b8c85de67a350c8d186f11e6,8
192.168.89.160,,2
,de350869b8c85de67a350c8d186f11e6,2
192.168.89.162,,2
,de350869b8c85de67a350c8d186f11e6,2
192.168.89.217,,12
,de350869b8c85de67a350c8d186f11e6,12
192.168.89.238,,8
,de350869b8c85de67a350c8d186f11e6,8
192.168.89.39,,2
,205200cdaac61b110838556b834070d1,2
192.168.89.56,,6
,de350869b8c85de67a350c8d186f11e6,6
192.168.9.137,,1
,810697754393ebcebe7efd53abfbfa31,1
192.168.9.15,,7
,f436b9416f37d134cadd04886327d3e8,7
192.168.9.209,,1
,de350869b8c85de67a350c8d186f11e6,1
192.168.9.255,,2
,de350869b8c85de67a350c8d186f11e6,2
192.168.9.55,,8
,de350869b8c85de67a350c8d186f11e6,8
192.168.90.157,,12
,de350869b8c85de67a350c8d186f11e6,12
192.168.90.246,,12
,de350869b8c85de67a350c8d186f11e6,12
192.168.90.247,,12
,de350869b8c85de67a350c8d186f11e6,12
192.168.90.76,,12
,de350869b8c85de67a350c8d186f11e6,12
192.168.91.124,,1
,de350869b8c85de67a350c8d186f11e6,1
192.168.91.176,,1
,d7150af4514b868defb854db0f62a441,1
192.168.91.177,,8
,de350869b8c85de67a350c8d186f11e6,8
192.168.91.195,,7
,de350869b8c85de67a350c8d186f11e6,7
192.168.92.116,,8
,de350869b8c85de67a350c8d186f11e6,8
192.168.92.199,,2
,4d7a28d6f2263ed61de88ca66eb011e3,2
192.168.92.20,,12
,de350869b8c85de67a350c8d186f11e6,12
192.168.93.27,,8
,de350869b8c85de67a350c8d186f11e6,8
192.168.93.30,,2
,de350869b8c85de67a350c8d186f11e6,2
192.168.93.55,,10
,de350869b8c85de67a350c8d186f11e6,10
192.168.94.120,,2
,de350869b8c85de67a350c8d186f11e6,2
192.168.94.123,,11
,de350869b8c85de67a350c8d186f11e6,11
192.168.94.131,,10
,de350869b8c85de67a350c8d186f11e6,10
192.168.94.230,,2
,de350869b8c85de67a350c8d186f11e6,2
192.168.94.241,,2
,de350869b8c85de67a350c8d186f11e6,2
192.168.95.102,,8
,de350869b8c85de67a350c8d186f11e6,8
192.168.95.13,,1
,205200cdaac61b110838556b834070d1,1
192.168.95.41,,11
,205200cdaac61b110838556b834070d1,11
192.168.95.80,,2
,de350869b8c85de67a350c8d186f11e6,2
192.168.96.159,,2
,de350869b8c85de67a350c8d186f11e6,2
192.168.96.234,,2
,de350869b8c85de67a350c8d186f11e6,2
192.168.96.45,,2
,de350869b8c85de67a350c8d186f11e6,2
192.168.97.121,,6
,de350869b8c85de67a350c8d186f11e6,6
192.168.97.17,,1
,de350869b8c85de67a350c8d186f11e6,1
192.168.97.197,,1
,de350869b8c85de67a350c8d186f11e6,1
192.168.97.198,,7
,205200cdaac61b110838556b834070d1,7
192.168.97.97,,12
,de350869b8c85de67a350c8d186f11e6,12
192.168.98.102,,9
,205200cdaac61b110838556b834070d1,9
192.168.98.103,,8
,de350869b8c85de67a350c8d186f11e6,8
192.168.98.195,,10
,b6d799aa438a5b0fcecfd54fdafeba76,10
192.168.98.228,,4
,de350869b8c85de67a350c8d186f11e6,4
192.168.98.30,,2
,de350869b8c85de67a350c8d186f11e6,2
192.168.98.42,,2
,de350869b8c85de67a350c8d186f11e6,2
192.168.99.144,,12
,de350869b8c85de67a350c8d186f11e6,12
192.168.99.153,,4
,de350869b8c85de67a350c8d186f11e6,4
192.168.99.47,,1
,de350869b8c85de67a350c8d186f11e6,1
192.168.99.6,,66
,887983fd07ed0d10e96e7f002b323a43,66
192.168.99.88,,3
,4d7a28d6f2263ed61de88ca66eb011e3,3
总计,,6919
